क्रमाङ्क,पदाः
1,"['धर्मक्षेत्रे', 'कुरुक्षेत्रे', 'समवेतास्', 'युयुत्सवस्', '।', 'मामकास्', 'पाण्डवास्', 'च', 'एव', 'किम्', 'अकुर्वत', 'सञ्जय', '॥']"
2,"['दृष्ट्वा', 'तु', 'पाण्डवानीकम्', 'व्यूढम्', 'दुर्योधनस्', 'तदा', '।', 'आचार्यम्', 'उपसङ्गम्य', 'राजा', 'वचनम्', 'अब्रवीत्', '॥']"
3,"['पश्य', 'एताम्', 'पाण्डुपुत्राणाम्', 'आचार्य', 'महतीम्', 'चमूम्', '।', 'व्यूढाम्', 'द्रुपदपुत्रेण', 'तव', 'शिष्येण', 'धीमता', '॥']"
4,"['अत्र', 'शूरास्', 'महेष्वासास्', 'भीमार्जुनसमास्', 'युधि', '।', 'युयुधानस्', 'विराटस्', 'च', 'द्रुपदस्', 'च', 'महारथस्', '॥']"
5,"['धृष्टकेतुस्', 'चेकितानस्', 'काशिराजस्', 'च', 'वीर्यवान्', '।', 'पुरुजित्', 'कुन्तिभोजस्', 'च', 'शैब्यस्', 'च', 'नरपुङ्गवस्', '॥']"
6,"['युधामन्युस्', 'च', 'विक्रान्तस्', 'उत्तमौजास्', 'च', 'वीर्यवान्', '।', 'सौभद्रस्', 'द्रौपदेयास्', 'च', 'सर्वे', 'एव', 'महारथास्', '॥']"
7,"['अस्माकम्', 'तु', 'विशिष्टास्', 'ये', 'तान्', 'निबोध', 'द्विजोत्तम', '।', 'नायकास्', 'मम', 'सैन्यस्य', 'संज्ञार्थम्', 'तान्', 'ब्रवीमि', 'ते', '॥']"
8,"['भवान्', 'भीष्मस्', 'च', 'कर्णस्', 'च', 'कृपस्', 'च', 'समितिञ्जयस्', '।', 'अश्वत्थामास्', 'विकर्णस्', 'च', 'सौमदत्तिस्', 'तथा', 'एव', 'च', '॥']"
9,"['अन्ये', 'च', 'बहवस्', 'शूरास्', 'मदर्थे', 'त्यक्तजीवितास्', '।', 'नानाशस्त्रप्रहरणास्', 'सर्वे', 'युद्धविशारदास्', '॥']"
10,"['अपर्याप्तम्', 'तत्', 'अस्माकम्', 'बलम्', 'भीष्माभिरक्षितम्', '।', 'पर्याप्तम्', 'तु', 'इदम्', 'एतेषाम्', 'बलम्', 'भीमाभिरक्षितम्', '॥']"
11,"['अयनेषु', 'च', 'सर्वेषु', 'यथाभागमवस्थितास्', '।', 'भीष्मम्', 'एव', 'अभिरक्षन्तु', 'भवन्तस्', 'सर्वे', 'एव', 'हि', '॥']"
12,"['तस्य', 'सञ्जनयन्', 'हर्षम्', 'कुरुवृद्धस्', 'पितामहस्', '।', 'सिंहनादम्', 'विनद्य', 'उच्चैस्', 'शङ्खम्', 'दध्मौ', 'प्रतापवान्', '॥']"
13,"['ततस्', 'शङ्खास्', 'च', 'भेर्यस्', 'च', 'पणवानकगोमुखास्', '।', 'सहसा', 'एव', 'अभ्यहन्यन्त', 'सस्', 'शब्दस्तुमुलस्', 'अभवत्', '॥']"
14,"['ततस्', 'श्वेतैस्', 'हयैस्', 'युक्ते', 'महति', 'स्यन्दने', 'स्थितौ', '।', 'माधवस्', 'पाण्डवस्', 'च', 'एव', 'दिव्यौ', 'शङ्खौ', 'प्रदध्मतुस्', '॥']"
15,"['पाञ्चजन्यम्', 'हृषीकेशस्', 'देवदत्तम्', 'धनञ्जयस्', '।', 'पौण्ड्रम्', 'दध्मौ', 'महाशङ्खम्', 'भीमकर्मा', 'वृकोदरस्', '॥']"
16,"['अनन्तविजयम्', 'राजा', 'कुन्तीपुत्रस्', 'युधिष्ठिरस्', '।', 'नकुलस्', 'सहदेवस्', 'च', 'सुघोषमणिपुष्पकौ', '॥']"
17,"['काश्यस्', 'च', 'परमेष्वासस्', 'शिखण्डी', 'च', 'महारथस्', '।', 'धृष्टद्युम्नस्', 'विराटस्', 'च', 'सात्यकिस्', 'च', 'अपराजितस्', '॥']"
18,"['द्रुपदस्', 'द्रौपदेयास्', 'च', 'सर्वशस्', 'पृथिवीपते', '।', 'सौभद्रस्', 'च', 'महाबाहुस्', 'शङ्खान्', 'दध्मुस्', 'पृथक्पृथक्', '॥']"
19,"['सस्', 'घोषस्', 'धार्तराष्ट्राणाम्', 'हृदयानि', 'व्यदारयत्', '।', 'नभस्', 'च', 'पृथिवीम्', 'च', 'एव', 'तुमुलस्', 'अभ्यनुनादयन्', '॥']"
20,"['अथ', 'व्यवस्थितान्', 'दृष्ट्वा', 'धार्तराष्ट्रान्', 'कपिध्वजस्', '।', 'प्रवृत्ते', 'शस्त्रसम्पाते', 'धनुस्', 'उद्यम्य', 'पाण्डवस्', '॥']"
21,"['हृषीकेशम्', 'तदा', 'वाक्यम्', 'इदम्', 'आह', 'महीपते', '।', 'सेनयोस्', 'उभयोस्', 'मध्ये', 'रथम्', 'स्थापय', 'मे', 'अच्युत', '॥']"
22,"['यावत्', 'एतान्', 'निरीक्षे', 'अहम्', 'योद्धुकामान्', 'अवस्थितान्', '।', 'कैस्', 'मया', 'सह', 'योद्धव्यम्', 'अस्मिन्', 'रणसमुद्यमे', '॥']"
23,"['योत्स्यमानान्', 'अवेक्षे', 'अहम्', 'ये', 'एते', 'अत्र', 'समागतास्', '।', 'धार्तराष्ट्रस्य', 'दुर्बुद्धेस्', 'युद्धे', 'प्रियचिकीर्षवस्', '॥']"
24,"['एवम्', 'उक्तस्', 'हृषीकेशस्', 'गुडाकेशेन', 'भारत', '।', 'सेनयोस्', 'उभयोर्मध्ये', 'स्थापयित्वा', 'रथोत्तमम्', '॥']"
25,"['भीष्मद्रोणप्रमुखतस्', 'सर्वेषाम्', 'च', 'महीक्षिताम्', '।', 'उवाच', 'पार्थ', 'पश्य', 'एतान्', 'समवेतान्', 'कुरून्', 'इति', '॥']"
26,"['तत्र', 'अपश्यत्', 'स्थितान्', 'पार्थस्', 'पितॄन्', 'अथ', 'पितामहान्', '।', 'आचार्यान्', 'मातुलान्', 'भ्रातॄन्', 'पुत्रान्', 'पौत्रान्', 'सखीन्', 'तथा', '॥']"
27,"['श्वशुरान्', 'सुहृदस्', 'च', 'एव', 'सेनयोस्', 'उभयोस्', 'अपि', '।', 'तान्', 'समीक्ष्य', 'सस्', 'कौन्तेयस्', 'सर्वान्', 'बन्धून्', 'अवस्थितान्', '॥']"
28,"['कृपया', 'परया', 'आविष्टस्', 'विषीदन्', 'इदम्', 'अब्रवीत्', '।', 'दृष्ट्वा', 'इमम्', 'स्वजनम्', 'कृष्ण', 'युयुत्सुम्', 'समुपस्थितम्', '॥']"
29,"['सीदन्ति', 'मम', 'गात्राणि', 'मुखम्', 'च', 'परिशुष्यति', '।', 'वेपथुस्', 'च', 'शरीरे', 'मे', 'रोमहर्षस्', 'च', 'जायते', '॥']"
30,"['गाण्डीवम्', 'स्रंसते', 'हस्तात्', 'त्वक्', 'च', 'एव', 'परिदह्यते', '।', 'न', 'च', 'शक्नोमि', 'अवस्थातुम्', 'भ्रमति', 'इव', 'च', 'मे', 'मनस्', '॥']"
31,"['निमित्तानि', 'च', 'पश्यामि', 'विपरीतानि', 'केशव', '।', 'न', 'च', 'श्रेयस्', 'अनुपश्यामि', 'हत्वा', 'स्वजनम्', 'आहवे', '॥']"
32,"['न', 'काङ्क्षे', 'विजयम्', 'कृष्ण', 'न', 'च', 'राज्यम्', 'सुखानि', 'च', '।', 'किम्', 'नस्', 'राज्येन', 'गोविन्द', 'किम्', 'भोगैस्', 'जीवितेन', 'वा', '॥']"
33,"['येषाम्', 'अर्थे', 'काङ्क्षितम्', 'नस्', 'राज्यम्', 'भोगास्', 'सुखानि', 'च', '।', 'ते', 'इमे', 'अवस्थिता', 'युद्धे', 'प्राणान्', 'त्यक्त्वा', 'धनानि', 'च', '॥']"
34,"['आचार्यास्', 'पितरस्', 'पुत्रास्', 'तथा', 'एव', 'च', 'पितामहास्', '।', 'मातुलास्', 'श्वशुरास्', 'पौत्रास्', 'श्यालास्', 'सम्बन्धिनस्', 'तथा', '॥']"
35,"['एतान्', 'न', 'हन्तुम्', 'इच्छामि', 'घ्नतस्', 'अपि', 'मधुसूदन', '।', 'अपि', 'त्रैलोक्यराज्यस्य', 'हेतोस्', 'किम्', 'नु', 'महीकृते', '॥']"
36,"['निहत्य', 'धार्तराष्ट्रान्', 'नस्', 'का', 'प्रीतिस्', 'स्यात्', 'जनार्दन', '।', 'पापम्', 'एव', 'आश्रयेत्', 'अस्मान्', 'हत्वा', 'एतान्', 'आततायिनस्', '॥']"
37,"['तस्मान्', 'न', 'अर्हास्', 'वयम्', 'हन्तुम्', 'धार्तराष्ट्रान्', 'स्वबान्धवान्', '।', 'स्वजनम्', 'हि', 'कथम्', 'हत्वा', 'सुखिनस्', 'स्याम', 'माधव', '॥']"
38,"['यदि', 'अपि', 'एते', 'न', 'पश्यन्ति', 'लोभोपहतचेतसस्', '।', 'कुलक्षयकृतम्', 'दोषम्', 'मित्रद्रोहे', 'च', 'पातकम्', '॥']"
39,"['कथम्', 'न', 'ज्ञेयम्', 'अस्माभिस्', 'पापात्', 'अस्मान्', 'निवर्तितुम्', '।', 'कुलक्षयकृतम्', 'दोषम्', 'प्रपश्यद्भिस्', 'जनार्दन', '॥']"
40,"['कुलक्षये', 'प्रणश्यन्ति', 'कुलधर्मास्', 'सनातनास्', '।', 'धर्मे', 'नष्टे', 'कुलम्', 'कृत्स्नम्', 'अधर्मस्', 'अभिभवति', 'उत', '॥']"
41,"['अधर्माभिभवात्', 'कृष्ण', 'प्रदुष्यन्ति', 'कुलस्त्रियस्', '।', 'स्त्रीषु', 'दुष्टासु', 'वार्ष्णेय', 'जायते', 'वर्णसङ्करस्', '॥']"
42,"['सङ्करस्', 'नरकाय', 'एव', 'कुलघ्नानाम्', 'कुलस्य', 'च', '।', 'पतन्ति', 'पितरस्', 'हि', 'एषाम्', 'लुप्तपिण्डोदकक्रियास्', '॥']"
43,"['दोषैस्', 'एतैस्', 'कुलघ्नानाम्', 'वर्णसङ्करकारकैस्', '।', 'उत्साद्यन्ते', 'जातिधर्मास्', 'कुलधर्मास्', 'च', 'शाश्वतास्', '॥']"
44,"['उत्सन्नकुलधर्माणाम्', 'मनुष्याणाम्', 'जनार्दन', '।', 'नरके', 'अनियतम्', 'वासस्', 'भवति', 'इति', 'अनुशुश्रुम', '॥']"
45,"['अहो', 'बत', 'महत्पापम्', 'कर्तुम्', 'व्यवसितास्', 'वयम्', '।', 'यत्', 'राज्यसुखलोभेन', 'हन्तुम्', 'स्वजनम्', 'उद्यतास्', '॥']"
46,"['यदि', 'माम्', 'अप्रतीकारम्', 'अशस्त्रम्', 'शस्त्रपाणयस्', '।', 'धार्तराष्ट्रास्', 'रणे', 'हन्युस्', 'तत्', 'मे', 'क्षेमतरम्', 'भवेत्', '॥']"
47,"['एवमुक्त्वार्जुनस्', 'सङ्ख्ये', 'रथोपस्थे', 'उपाविशत्', '।', 'विसृज्य', 'सशरम्', 'चापम्', 'शोकसंविग्नमानसस्', '॥']"
48,"['तम्', 'तथा', 'कृपयाविष्टम्', 'अश्रुपूर्णाकुलेक्षणम्', '।', 'विषीदन्तम्', 'इदम्', 'वाक्यम्', 'उवाच', 'मधुसूदनस्', '॥']"
49,"['कुतस्', 'त्वा', 'कश्मलम्', 'इदम्', 'विषमे', 'समुपस्थितम्', '।', 'अनार्यजुष्टम्', 'अस्वर्ग्यम्', 'अकीर्तिकरम्', 'अर्जुन', '॥']"
50,"['क्लैब्यम्', 'मा', 'स्म', 'गमस्', 'पार्थ', 'न', 'एतत्', 'त्वयि', 'उपपद्यते', '।', 'क्षुद्रम्', 'हृदयदौर्बल्यम्', 'त्यक्त्वा', 'उत्तिष्ठ', 'परन्तप', '॥']"
51,"['कथम्', 'भीष्मम्', 'अहम्', 'सङ्ख्ये', 'द्रोणम्', 'च', 'मधुसूदन', '।', 'इषुभिस्', 'प्रतियोत्स्यामि', 'पूजार्हौ', 'अरिसूदन', '॥']"
52,"['गुरून्', 'अहत्वा', 'हि', 'महानुभावान्', 'श्रेयस्', 'भोक्तुम्', 'भैक्ष्यम्', 'अपि', 'इह', 'लोके', '।', 'हत्वार्थकामान्', 'तु', 'गुरून्', 'इह', 'एव', 'भुञ्जीय', 'भोगान्', 'रुधिरप्रदिग्धान्', '॥']"
53,"['न', 'च', 'एतत्', 'विद्मस्', 'कतरत्', 'नस्', 'गरीयस्', 'यत्', 'वा', 'जयेम', 'यदि', 'वा', 'नस्', 'जयेयुस्', '।', 'यान्', 'एव', 'हत्वा', 'न', 'जिजीविषामस्', 'ते', 'अवस्थितास्', 'प्रमुखे', 'धार्तराष्ट्रास्', '॥']"
54,"['कार्पण्यदोषोपहतस्वभावस्', 'पृच्छामि', 'त्वाम्', 'धर्मसम्मूढचेतास्', '।', 'यत्', 'श्रेयस्', 'स्यात्', 'निश्चितम्', 'ब्रूहि', 'तत्', 'मे', 'शिष्यस्', 'ते', 'अहम्', 'शाधि', 'माम्', 'त्वाम्', 'प्रपन्नम्', '॥']"
55,"['न', 'हि', 'प्रपश्यामि', 'मम', 'अपनुद्यात्', 'यत्', 'शोकम्', 'उच्छोषणम्', 'इन्द्रियाणाम्', '।', 'अवाप्य', 'भूमौ', 'असपत्नम्', 'ऋद्धम्', 'राज्यम्', 'सुराणाम्', 'अपि', 'च', 'आधिपत्यम्', '॥']"
56,"['एवम्', 'उक्त्वा', 'हृषीकेशम्', 'गुडाकेशस्', 'परन्तप', '।', 'न', 'योत्स्ये', 'इति', 'गोविन्दम्', 'उक्त्वा', 'तूष्णीम्', 'बभूव', 'ह', '॥']"
57,"['तम्', 'उवाच', 'हृषीकेशस्', 'प्रहसन्', 'इव', 'भारत', '।', 'सेनयोस्', 'उभयोस्', 'मध्ये', 'विषीदन्तम्', 'इदम्', 'वचस्', '॥']"
58,"['अशोच्यान्', 'अन्वशोचस्', 'त्वम्', 'प्रज्ञावादान्', 'च', 'भाषसे', '।', 'गतासून्', 'अगतासून्', 'च', 'न', 'अनुशोचन्ति', 'पण्डितास्', '॥']"
59,"['न', 'तु', 'एव', 'अहम्', 'जातु', 'न', 'आसम्', 'न', 'त्वम्', 'न', 'इमे', 'जनाधिपास्', '।', 'न', 'च', 'एव', 'न', 'भविष्यामस्', 'सर्वे', 'वयम्', 'अतस्', 'परम्', '॥']"
60,"['देहिनस्', 'अस्मिन्', 'यथा', 'देहे', 'कौमारम्', 'यौवनम्', 'जरा', '।', 'तथा', 'देहान्तरप्राप्तिस्', 'धीरस्', 'तत्र', 'न', 'मुह्यति', '॥']"
61,"['मात्रास्पर्शास्', 'तु', 'कौन्तेय', 'शीतोष्णसुखदुःखदास्', '।', 'आगमापायिनस्', 'अनित्यास्', 'तान्', 'तितिक्षस्व', 'भारत', '॥']"
62,"['यम्', 'हि', 'न', 'व्यथयन्ति', 'एते', 'पुरुषम्', 'पुरुषर्षभ', '।', 'समदुःखसुखम्', 'धीरम्', 'सस्', 'अमृतत्वाय', 'कल्पते', '॥']"
63,"['न', 'असतस्', 'विद्यते', 'भावस्', 'न', 'अभावस्', 'विद्यते', 'सतस्', '।', 'उभयोस्', 'अपि', 'दृष्टस्', 'अन्तस्', 'तु', 'अनयोस्', 'तत्त्वदर्शिभिस्', '॥']"
64,"['अविनाशि', 'तु', 'तत्', 'विद्धि', 'येन', 'सर्वम्', 'इदम्', 'ततम्', '।', 'विनाशम्', 'अव्ययस्य', 'अस्य', 'न', 'कश्चित्', 'कर्तुम्', 'अर्हति', '॥']"
65,"['अन्तवन्तस्', 'इमे', 'देहास्', 'नित्यस्य', 'उक्तास्', 'शरीरिणस्', '।', 'अनाशिनस्', 'अप्रमेयस्य', 'तस्मात्', 'युध्यस्व', 'भारत', '॥']"
66,"['यस्', 'एनम्', 'वेत्ति', 'हन्तारम्', 'यस्', 'च', 'एनम्', 'मन्यते', 'हतम्', '।', 'उभौ', 'तौ', 'न', 'विजानीतस्', 'न', 'अयम्', 'हन्ति', 'न', 'हन्यते', '॥']"
67,"['न', 'जायते', 'म्रियते', 'वा', 'कदाचित्', 'न', 'अयम्', 'भूत्वा', 'भविता', 'वा', 'न', 'भूयस्', '।', 'अजस्', 'नित्यस्', 'शाश्वतस्', 'अयम्', 'पुराणस्', 'न', 'हन्यते', 'हन्यमाने', 'शरीरे', '॥']"
68,"['वेद', 'अविनाशिनम्', 'नित्यम्', 'यस्', 'एनम्', 'अजम्', 'अव्ययम्', '।', 'कथम्', 'सस्', 'पुरुषस्', 'पार्थ', 'कम्', 'घातयति', 'हन्ति', 'कम्', '॥']"
69,"['वासांसि', 'जीर्णानि', 'यथा', 'विहाय', 'नवानि', 'गृह्णाति', 'नरस्', 'अपराणि', '।', 'तथा', 'शरीराणि', 'विहाय', 'जीर्णानि', 'अन्यानि', 'संयाति', 'नवानि', 'देही', '॥']"
70,"['न', 'एनम्', 'छिन्दन्ति', 'शस्त्राणि', 'न', 'एनम्', 'दहति', 'पावकस्', '।', 'न', 'च', 'एनम्', 'क्लेदयन्ति', 'आपस्', 'न', 'शोषयति', 'मारुतस्', '॥']"
71,"['अच्छेद्यस्', 'अयम्', 'अदाह्यस्', 'अयम्', 'अक्लेद्यस्', 'अशोष्यस्', 'एव', 'च', '।', 'नित्यस्', 'सर्वगतस्', 'स्थाणुस्', 'अचलस्', 'अयम्', 'सनातनस्', '॥']"
72,"['अव्यक्तस्', 'अयम्', 'अचिन्त्यस्', 'अयम्', 'अविकार्यस्', 'अयम्', 'उच्यते', '।', 'तस्मात्', 'एवम्', 'विदित्वा', 'एनम्', 'न', 'अनुशोचितुम्', 'अर्हसि', '॥']"
73,"['अथ', 'च', 'एनम्', 'नित्यजातम्', 'नित्यम्', 'वा', 'मन्यसे', 'मृतम्', '।', 'तथा', 'अपि', 'त्वम्', 'महाबाहो', 'न', 'एवम्', 'शोचितुमर्हसि', '॥']"
74,"['जातस्य', 'हि', 'ध्रुवस्', 'मृत्युस्', 'ध्रुवम्', 'जन्म', 'मृतस्य', 'च', '।', 'तस्मात्', 'अपरिहार्ये', 'अर्थे', 'न', 'त्वम्', 'शोचितुम्', 'अर्हसि', '॥']"
75,"['अव्यक्तादीनि', 'भूतानि', 'व्यक्तमध्यानि', 'भारत', '।', 'अव्यक्तनिधनानि', 'एव', 'तत्र', 'का', 'परिदेवना', '॥']"
76,"['आश्चर्यवत्', 'पश्यति', 'कश्चित्', 'एनम्', 'आश्चर्यवत्', 'वदति', 'तथा', 'एव', 'च', 'अन्यस्', '।', 'आश्चर्यवत्', 'च', 'एनम्', 'अन्यस्', 'शृणोति', 'श्रुत्वा', 'अपि', 'एनम्', 'वेद', 'न', 'च', 'एव', 'कश्चित्', '॥']"
77,"['देही', 'नित्यम्', 'अवध्यस्', 'अयम्', 'देहे', 'सर्वस्य', 'भारत', '।', 'तस्मात्', 'सर्वाणि', 'भूतानि', 'न', 'त्वम्', 'शोचितुम्', 'अर्हसि', '॥']"
78,"['स्वधर्मम्', 'अपि', 'च', 'अवेक्ष्य', 'न', 'विकम्पितुम्', 'अर्हसि', '।', 'धर्म्यात्', 'हि', 'युद्धात्', 'श्रेयस्', 'अन्यत्', 'क्षत्रियस्य', 'न', 'विद्यते', '॥']"
79,"['यदृच्छया', 'च', 'उपपन्नम्', 'स्वर्गद्वारम्', 'अपावृतम्', '।', 'सुखिनस्', 'क्षत्रियास्', 'पार्थ', 'लभन्ते', 'युद्धम्', 'ईदृशम्', '॥']"
80,"['अथ', 'चेत्', 'त्वम्', 'इमम्', 'धर्म्यम्', 'सङ्ग्रामम्', 'न', 'करिष्यसि', '।', 'ततस्', 'स्वधर्मम्', 'कीर्तिम्', 'च', 'हित्वा', 'पापम्', 'अवाप्स्यसि', '॥']"
81,"['अकीर्तिम्', 'च', 'अपि', 'भूतानि', 'कथयिष्यन्ति', 'ते', 'अव्ययाम्', '।', 'सम्भावितस्य', 'च', 'अकीर्तिस्', 'मरणात्', 'अतिरिच्यते', '॥']"
82,"['भयात्', 'रणात्', 'उपरतम्', 'मंस्यन्ते', 'त्वाम्', 'महारथास्', '।', 'येषाम्', 'च', 'त्वम्', 'बहुमतस्', 'भूत्वा', 'यास्यसि', 'लाघवम्', '॥']"
83,"['अवाच्यवादान्', 'च', 'बहून्', 'वदिष्यन्ति', 'तव', 'अहितास्', '।', 'निन्दन्तस्', 'तव', 'सामर्थ्यम्', 'ततस्', 'दुःखतरम्', 'नु', 'किम्', '॥']"
84,"['हतस्', 'वा', 'प्राप्स्यसि', 'स्वर्गम्', 'जित्वा', 'वा', 'भोक्ष्यसे', 'महीम्', '।', 'तस्मात्', 'उत्तिष्ठ', 'कौन्तेय', 'युद्धाय', 'कृतनिश्चयस्', '॥']"
85,"['सुखदुःखे', 'समे', 'कृत्वा', 'लाभालाभौ', 'जयाजयौ', '।', 'ततस्', 'युद्धाय', 'युज्यस्व', 'न', 'एवम्', 'पापम्', 'अवाप्स्यसि', '॥']"
86,"['एषा', 'ते', 'अभिहिता', 'साङ्ख्ये', 'बुद्धिरस्', 'योगे', 'तु', 'इमाम्', 'शृणु', '।', 'बुद्ध्या', 'युक्तस्', 'यया', 'पार्थ', 'कर्मबन्धम्', 'प्रहास्यसि', '॥']"
87,"['न', 'इह', 'अभिक्रमनाशस्', 'अस्ति', 'प्रत्यवायस्', 'न', 'विद्यते', '।', 'स्वल्पम्', 'अपि', 'अस्य', 'धर्मस्य', 'त्रायते', 'महतस्', 'भयात्', '॥']"
88,"['व्यवसायात्मिका', 'बुद्धिस्', 'एक', 'इह', 'कुरुनन्दन', '।', 'बहुशाखास्', 'हि', 'अनन्तास्', 'च', 'बुद्धयस्', 'अव्यवसायिनाम्', '॥']"
89,"['याम्', 'इमाम्', 'पुष्पिताम्', 'वाचम्', 'प्रवदन्ति', 'अविपश्चितस्', '।', 'वेदवादरतास्', 'पार्थ', 'न', 'अन्यत्', 'अस्ति', 'इति', 'वादिनस्', '॥']"
90,"['कामात्मानस्', 'स्वर्गपरास्', 'जन्मकर्मफलप्रदाम्', '।', 'क्रियाविशेषबहुलाम्', 'भोगैश्वर्यगतिम्', 'प्रति', '॥']"
91,"['भोगैश्वर्यप्रसक्तानाम्', 'तया', 'अपहृतचेतसाम्', '।', 'व्यवसायात्मिका', 'बुद्धिस्', 'समाधौ', 'न', 'विधीयते', '॥']"
92,"['त्रैगुण्यविषयास्', 'वेदास्', 'निस्त्रैगुण्यस्', 'भव', 'अर्जुन', '।', 'निर्द्वन्द्वस्', 'नित्यसत्त्वस्थस्', 'निर्योगक्षेमस्', 'आत्मवान्', '॥']"
93,"['यावान्', 'अर्थस्', 'उदपाने', 'सर्वतस्', 'सम्प्लुतोदके', '।', 'तावान्', 'सर्वेषु', 'वेदेषु', 'ब्राह्मणस्य', 'विजानतस्', '॥']"
94,"['कर्मणि', 'एव', 'अधिकारस्', 'ते', 'मा', 'फलेषु', 'कदाचन', '।', 'मा', 'कर्मफलहेतुस्', 'भूस्', 'मा', 'ते', 'सङ्गस्', 'अस्तु', 'अकर्मणि', '॥']"
95,"['योगस्थस्', 'कुरु', 'कर्माणि', 'सङ्गम्', 'त्यक्त्वा', 'धनञ्जय', '।', 'सिद्ध्यसिद्ध्योस्', 'समस्', 'भूत्वा', 'समत्वम्', 'योगस्', 'उच्यते', '॥']"
96,"['दूरेण', 'हि', 'अवरम्', 'कर्म', 'बुद्धियोगादत्', 'धनञ्जय', '।', 'बुद्धौ', 'शरणम्', 'अन्विच्छ', 'कृपणास्', 'फलहेतवस्', '॥']"
97,"['बुद्धियुक्तस्', 'जहाति', 'इह', 'उभे', 'सुकृतदुष्कृते', '।', 'तस्मादत्', 'योगाय', 'युज्यस्व', 'योगस्', 'कर्मसु', 'कौशलम्', '॥']"
98,"['कर्मजम्', 'बुद्धियुक्तास्', 'हि', 'फलम्', 'त्यक्त्वा', 'मनीषिणस्', '।', 'जन्मबन्धविनिर्मुक्तास्', 'पदम्', 'गच्छन्ति', 'अनामयम्', '॥']"
99,"['यदा', 'ते', 'मोहकलिलम्', 'बुद्धिस्', 'व्यतितरिष्यति', '।', 'तदा', 'गन्तासि', 'निर्वेदम्', 'श्रोतव्यस्य', 'श्रुतस्य', 'च', '॥']"
100,"['श्रुतिविप्रतिपन्नास्', 'ते', 'यदा', 'स्थास्यति', 'निश्चला', '।', 'समाधौ', 'अचला', 'बुद्धिस्', 'तदा', 'योगम्', 'अवाप्स्यसि', '॥']"
101,"['स्थितप्रज्ञस्य', 'का', 'भाषा', 'समाधिस्थस्य', 'केशव', '।', 'स्थितधीस्', 'किम्', 'प्रभाषेत', 'किम्', 'आसीत', 'व्रजेत', 'किम्', '॥']"
102,"['प्रजहाति', 'यदा', 'कामान्', 'सर्वान्', 'पार्थ', 'मनोगतान्', '।', 'आत्मनि', 'एव', 'आत्मना', 'तुष्टस्', 'स्थितप्रज्ञस्', 'तदा', 'उच्यते', '॥']"
103,"['दुःखेषु', 'अनुद्विग्नमनास्', 'सुखेषु', 'विगतस्पृहस्', '।', 'वीतरागभयक्रोधस्', 'स्थितधीस्', 'मुनिस्', 'उच्यते', '॥']"
104,"['यस्', 'सर्वत्र', 'अनभिस्नेहस्', 'तत्', 'तत्', 'प्राप्य', 'शुभाशुभम्', '।', 'न', 'अभिनन्दति', 'न', 'द्वेष्टि', 'तस्य', 'प्रज्ञा', 'प्रतिष्ठिता', '॥']"
105,"['यदा', 'संहरते', 'च', 'अयम्', 'कूर्मस्', 'अङ्गानि', 'इव', 'सर्वशस्', '।', 'इन्द्रियाणि', 'इन्द्रियार्थेभ्यस्', 'तस्य', 'प्रज्ञा', 'प्रतिष्ठिता', '॥']"
106,"['विषयास्', 'विनिवर्तन्ते', 'निराहारस्य', 'देहिनस्', '।', 'रसवर्जम्', 'रसस्', 'अप्यस्य', 'परम्', 'दृष्ट्वा', 'निवर्तते', '॥']"
107,"['यततस्', 'हि', 'अपि', 'कौन्तेय', 'पुरुषस्य', 'विपश्चितस्', '।', 'इन्द्रियाणि', 'प्रमाथीनि', 'हरन्ति', 'प्रसभम्', 'मनस्', '॥']"
108,"['तानि', 'सर्वाणि', 'संयम्य', 'युक्तस्', 'आसीत', 'मत्परस्', '।', 'वशे', 'हि', 'यस्य', 'इन्द्रियाणि', 'तस्य', 'प्रज्ञा', 'प्रतिष्ठिता', '॥']"
109,"['ध्यायतस्', 'विषयान्', 'पुंसस्', 'सङ्गस्', 'तेषु', 'उपजायते', '।', 'सङ्गात्', 'सञ्जायते', 'कामस्', 'कामात्', 'क्रोधस्', 'अभिजायते', '॥']"
110,"['क्रोधात्', 'भवति', 'सम्मोहस्', 'सम्मोहात्', 'स्मृतिविभ्रमस्', '।', 'स्मृतिभ्रंशात्', 'बुद्धिनाशस्', 'बुद्धिनाशात्', 'प्रणश्यति', '॥']"
111,"['रागद्वेषविमुक्तैस्', 'तु', 'विषयान्', 'इन्द्रियैस्', 'चरन्', '।', 'आत्मवश्यैस्', 'विधेयात्मा', 'प्रसादम्', 'अधिगच्छति', '॥']"
112,"['प्रसादे', 'सर्वदुःखानाम्', 'हानिस्', 'अस्य', 'उपजायते', '।', 'प्रसन्नचेतसस्', 'हि', 'आशु', 'बुद्धिस्', 'पर्यवतिष्ठते', '॥']"
113,"['न', 'अस्ति', 'बुद्धिस्', 'अयुक्तस्य', 'न', 'च', 'अयुक्तस्य', 'भावना', '।', 'न', 'च', 'अभावयतस्', 'शान्तिस्', 'अशान्तस्य', 'कुतस्', 'सुखम्', '॥']"
114,"['इन्द्रियाणाम्', 'हि', 'चरताम्', 'यत्', 'मनस्', 'अनुविधीयते', '।', 'तत्', 'अस्य', 'हरति', 'प्रज्ञाम्', 'वायुस्', 'नावम्', 'इव', 'अम्भसि', '॥']"
115,"['तस्मात्', 'यस्य', 'महाबाहो', 'निगृहीतानि', 'सर्वशस्', '।', 'इन्द्रियाणि', 'इन्द्रियार्थेभ्यस्', 'तस्य', 'प्रज्ञा', 'प्रतिष्ठिता', '॥']"
116,"['या', 'निशा', 'सर्वभूतानाम्', 'तस्याम्', 'जागर्ति', 'संयमी', '।', 'यस्याम्', 'जाग्रति', 'भूतानि', 'सा', 'निशा', 'पश्यतस्', 'मुनेस्', '॥']"
117,"['आपूर्यमाणम्', 'अचलप्रतिष्ठम्', 'समुद्रम्', 'आपस्', 'प्रविशन्ति', 'यद्वत्', '।', 'तद्वत्', 'कामास्', 'यम्', 'प्रविशन्ति', 'सर्वे', 'सस्', 'शान्तिम्', 'आप्नोति', 'न', 'कामकामी', '॥']"
118,"['विहाय', 'कामान्', 'यस्', 'सर्वान्', 'पुमान्', 'चरति', 'निःस्पृहस्', '।', 'निर्ममस्', 'निरहङ्कारस्', 'सस्', 'शान्तिम्', 'अधिगच्छति', '॥']"
119,"['एषा', 'ब्राह्मी', 'स्थितिस्', 'पार्थ', 'न', 'एनाम्', 'प्राप्य', 'विमुह्यति', '।', 'स्थित्वा', 'अस्याम्', 'अन्तकाले', 'अपि', 'ब्रह्मनिर्वाणम्', 'ऋच्छति', '॥']"
120,"['ज्यायसी', 'चेत्', 'कर्मणस्', 'ते', 'मता', 'बुद्धिस्', 'जनार्दन', '।', 'तत्', 'किम्', 'कर्मणि', 'घोरे', 'माम्', 'नियोजयसि', 'केशव', '॥']"
121,"['व्यामिश्रेण', 'इव', 'वाक्येन', 'बुद्धिम्', 'मोहयसि', 'इव', 'मे', '।', 'तत्', 'एकम्', 'वद', 'निश्चित्य', 'येन', 'श्रेयस्', 'अहम्', 'आप्नुयाम्', '॥']"
122,"['लोके', 'अस्मिन्', 'द्विविधा', 'निष्ठा', 'पुरा', 'प्रोक्ता', 'मया', 'अनघ', '।', 'ज्ञानयोगेन', 'साङ्ख्यानाम्', 'कर्मयोगेन', 'योगिनाम्', '॥']"
123,"['न', 'कर्मणाम्', 'अनारम्भात्', 'नैष्कर्म्यम्', 'पुरुषस्', 'अश्नुते', '।', 'न', 'च', 'संन्यसनात्', 'एव', 'सिद्धिम्', 'समधिगच्छति', '॥']"
124,"['न', 'हि', 'कश्चित्', 'क्षणम्', 'अपि', 'जातु', 'तिष्ठति', 'अकर्मकृत्', '।', 'कार्यते', 'हि', 'अवशस्', 'कर्म', 'सर्वस्', 'प्रकृतिजैस्', 'गुणैस्', '॥']"
125,"['कर्मेन्द्रियाणि', 'संयम्य', 'यस्', 'आस्ते', 'मनसा', 'स्मरन्', '।', 'इन्द्रियार्थान्', 'विमूढात्मा', 'मिथ्याचारस्', 'सस्', 'उच्यते', '॥']"
126,"['यस्', 'तु', 'इन्द्रियाणि', 'मनसा', 'नियम्य', 'आरभते', 'अर्जुन', '।', 'कर्मेन्द्रियैस्', 'कर्मयोगम्', 'असक्तस्', 'सस्', 'विशिष्यते', '॥']"
127,"['नियतम्', 'कुरु', 'कर्म', 'त्वम्', 'कर्म', 'ज्यायस्', 'हि', 'अकर्मणस्', '।', 'शरीरयात्रा', 'अपि', 'च', 'ते', 'न', 'प्रसिद्ध्येत्', 'अकर्मणस्', '॥']"
128,"['यज्ञार्थात्', 'कर्मणस्', 'अन्यत्र', 'लोकस्', 'अयम्', 'कर्मबन्धनस्', '।', 'तत्', 'अर्थम्', 'कर्म', 'कौन्तेय', 'मुक्तसङ्गस्', 'समाचर', '॥']"
129,"['सहयज्ञास्', 'प्रजास्', 'सृष्ट्वा', 'पुरा', 'उवाच', 'प्रजापतिस्', '।', 'अनेन', 'प्रसविष्यध्वम्', 'एषस्', 'वस्', 'अस्तु', 'इष्टकामधुक्', '॥']"
130,"['देवान्', 'भावयत', 'अनेन', 'ते', 'देवास्', 'भावयन्तु', 'वस्', '।', 'परस्परम्', 'भावयन्तस्', 'श्रेयस्', 'परम्', 'अवाप्स्यथ', '॥']"
131,"['इष्टान्', 'भोगान्', 'हि', 'वस्', 'देवास्', 'दास्यन्ते', 'यज्ञभावितास्', '।', 'तैस्', 'दत्तान्', 'अप्रदाय', 'एभ्यस्', 'यस्', 'भुङ्क्ते', 'स्तेनस्', 'एव', 'सस्', '॥']"
132,"['यज्ञशिष्ट', 'आशिनस्', 'सन्तस्', 'मुच्यन्ते', 'सर्वकिल्बिषैस्', '।', 'भुञ्जते', 'ते', 'तु', 'अघम्', 'पापास्', 'ये', 'पचन्ति', 'आत्मकारणात्', '॥']"
133,"['अन्नात्', 'भवन्ति', 'भूतानि', 'पर्जन्यात्', 'अन्नसम्भवस्', '।', 'यज्ञात्', 'भवति', 'पर्जन्यस्', 'यज्ञस्', 'कर्मसमुद्भवस्', '॥']"
134,"['कर्म', 'ब्रह्मोद्भवम्', 'विद्धि', 'ब्रह्म', 'अक्षरसमुद्भवम्', '।', 'तस्मात्', 'सर्वगतम्', 'ब्रह्म', 'नित्यम्', 'यज्ञे', 'प्रतिष्ठितम्', '॥']"
135,"['एवम्', 'प्रवर्तितम्', 'चक्रम्', 'न', 'अनुवर्तयति', 'इह', 'यस्', '।', 'अघायुस्', 'इन्द्रियारामस्', 'मोघम्', 'पार्थ', 'सस्', 'जीवति', '॥']"
136,"['यस्', 'तु', 'आत्मरतिस्', 'एव', 'स्यात्', 'आत्मतृप्तस्', 'च', 'मानवस्', '।', 'आत्मनि', 'एव', 'च', 'सन्तुष्टस्', 'तस्य', 'कार्यम्', 'न', 'विद्यते', '॥']"
137,"['न', 'एव', 'तस्य', 'कृतेन', 'अर्थस्', 'न', 'अकृतेन', 'इह', 'कश्चन', '।', 'न', 'च', 'अस्य', 'सर्वभूतेषु', 'कश्चित्', 'अर्थव्यपाश्रयस्', '॥']"
138,"['तस्मात्', 'असक्तस्', 'सततम्', 'कार्यम्', 'कर्म', 'समाचर', '।', 'असक्तस्', 'हि', 'आचरन्', 'कर्म', 'परम्', 'आप्नोति', 'पूरुषस्', '॥']"
139,"['कर्मणा', 'एव', 'हि', 'संसिद्धिम्', 'आस्थितास्', 'जनकादयस्', '।', 'लोकसङ्ग्रहम्', 'एव', 'अपि', 'सम्पश्यन्', 'कर्तुम्', 'अर्हसि', '॥']"
140,"['यत्', 'यत्', 'आचरति', 'श्रेष्ठस्', 'तत्', 'तत्', 'एव', 'इतरस्', 'जनस्', '।', 'सस्', 'यत्', 'प्रमाणम्', 'कुरुते', 'लोकस्', 'तत्', 'अनुवर्तते', '॥']"
141,"['न', 'मे', 'पार्थ', 'अस्ति', 'कर्तव्यम्', 'त्रिषु', 'लोकेषु', 'किञ्चन', '।', 'न', 'अनवाप्तम्', 'अवाप्तव्यम्', 'वर्ते', 'एव', 'च', 'कर्मणि', '॥']"
142,"['यदि', 'हि', 'अहम्', 'न', 'वर्तेयम्', 'जातु', 'कर्मणि', 'अतन्द्रितस्', '।', 'मम', 'वर्त्म', 'अनुवर्तन्ते', 'मनुष्यास्', 'पार्थ', 'सर्वशस्', '॥']"
143,"['उत्सीदेयुस्', 'इमे', 'लोकास्', 'न', 'कुर्याम्', 'कर्म', 'चेत्', 'अहम्', '।', 'सङ्करस्य', 'च', 'कर्ता', 'स्याम्', 'उपहन्याम्', 'इमास्', 'प्रजास्', '॥']"
144,"['सक्तास्', 'कर्मणि', 'अविद्वांसस्', 'यथा', 'कुर्वन्ति', 'भारत', '।', 'कुर्यात्', 'विद्वान्', 'तथा', 'असक्तस्', 'चिकीर्षुस्', 'लोकसङ्ग्रहम्', '॥']"
145,"['न', 'बुद्धिभेदम्', 'जनयेत्', 'अज्ञानाम्', 'कर्मसङ्गिनाम्', '।', 'जोषयेत्', 'सर्वकर्माणि', 'विद्वान्', 'युक्तस्', 'समाचरन्', '॥']"
146,"['प्रकृतेस्', 'क्रियमाणानि', 'गुणैस्', 'कर्माणि', 'सर्वशस्', '।', 'अहङ्कारविमूढात्मा', 'कर्ता', 'अहम्', 'इति', 'मन्यते', '॥']"
147,"['तत्त्ववित्', 'तु', 'महाबाहो', 'गुणकर्मविभागयोस्', '।', 'गुणास्', 'गुणेषु', 'वर्तन्ते', 'इति', 'मत्वा', 'न', 'सज्जते', '॥']"
148,"['प्रकृतेस्', 'गुणसम्मूढास्', 'सज्जन्ते', 'गुणकर्मसु', '।', 'तान्', 'अकृत्स्नविदस्', 'मन्दान्', 'कृत्स्नवित्', 'न', 'विचालयेत्', '॥']"
149,"['मयि', 'सर्वाणि', 'कर्माणि', 'संन्यस्य', 'अध्यात्मचेतसा', '।', 'निराशीस्', 'निर्ममस्', 'भूत्वा', 'युध्यस्व', 'विगतज्वरस्', '॥']"
150,"['ये', 'मे', 'मतम्', 'इदम्', 'नित्यम्', 'अनुतिष्ठन्ति', 'मानवास्', '।', 'श्रद्धावन्तस्', 'अनसूयन्तस्', 'मुच्यन्ते', 'ते', 'अपि', 'कर्मभिस्', '॥']"
151,"['ये', 'तु', 'एतत्', 'अभ्यसूयन्तस्', 'न', 'अनुतिष्ठन्ति', 'मे', 'मतम्', '।', 'सर्वज्ञानविमूढान्', 'तान्', 'विद्धि', 'नष्टान्', 'अचेतसस्', '॥']"
152,"['सदृशम्', 'चेष्टते', 'स्वस्यास्', 'प्रकृतेस्', 'ज्ञानवान्', 'अपि', '।', 'प्रकृतिम्', 'यान्ति', 'भूतानि', 'निग्रहस्', 'किम्', 'करिष्यति', '॥']"
153,"['इन्द्रियस्य', 'इन्द्रियस्यार्थे', 'रागद्वेषौ', 'व्यवस्थितौ', '।', 'तयोस्', 'न', 'वशम्', 'आगच्छेत्', 'तौ', 'हि', 'अस्य', 'परिपन्थिनौ', '॥']"
154,"['श्रेयान्', 'स्वधर्मस्', 'विगुणस्', 'परधर्मात्', 'स्वनुष्ठितात्', '।', 'स्वधर्मे', 'निधनम्', 'श्रेयस्', 'परधर्मस्', 'भयावहस्', '॥']"
155,"['अथ', 'केन', 'प्रयुक्तस्', 'अयम्', 'पापम्', 'चरति', 'पूरुषस्', '।', 'अनिच्छन्', 'अपि', 'वार्ष्णेय', 'बलात्', 'इव', 'नियोजितस्', '॥']"
156,"['कामस्', 'एषस्', 'क्रोधस्', 'एषस्', 'रजस्', 'गुणसमुद्भवस्', '।', 'महाशनस्', 'महापाप्मा', 'विद्धि', 'एनम्', 'इह', 'वैरिणम्', '॥']"
157,"['धूमेन', 'आव्रियते', 'वह्निस्', 'यथा', 'आदर्शस्', 'मलेन', 'च', '।', 'यथा', 'उल्बेन', 'आवृतस्', 'गर्भस्', 'तथा', 'तेन', 'इदम्', 'आवृतम्', '॥']"
158,"['आवृतम्', 'ज्ञानम्', 'एतेन', 'ज्ञानिनस्', 'नित्यवैरिणा', '।', 'कामरूपेण', 'कौन्तेय', 'दुष्पूरेण', 'अनलेन', 'च', '॥']"
159,"['इन्द्रियाणि', 'मनस्', 'बुद्धिस्', 'अस्य', 'अधिष्ठानम्', 'उच्यते', '।', 'एतैस्', 'विमोहयति', 'एषस्', 'ज्ञानम्', 'आवृत्य', 'देहिनम्', '॥']"
160,"['तस्मात्', 'त्वम्', 'इन्द्रियाणि', 'आदौ', 'नियम्य', 'भरतर्षभ', '।', 'पाप्मानम्', 'प्रजहि', 'हि', 'एनम्', 'ज्ञानविज्ञाननाशनम्', '॥']"
161,"['इन्द्रियाणि', 'पराणि', 'आहुस्', 'इन्द्रियेभ्यस्', 'परम्', 'मनस्', '।', 'मनसस्', 'तु', 'परा', 'बुद्धिस्', 'यस्', 'बुद्धेस्', 'परतस्', 'तु', 'सस्', '॥']"
162,"['एवम्', 'बुद्धेस्', 'परम्', 'बुद्ध्वा', 'संस्तभ्य', 'आत्मानम्', 'आत्मना', '।', 'जहि', 'शत्रुम्', 'महाबाहो', 'कामरूपम्', 'दुरासदम्', '॥']"
163,"['इमम्', 'विवस्वते', 'योगम्', 'प्रोक्तवान्', 'अहम्', 'अव्ययम्', '।', 'विवस्वान्', 'मनवे', 'प्राह', 'मनुस्', 'इक्ष्वाकवे', 'अब्रवीत्', '॥']"
164,"['एवम्', 'परम्पराप्राप्तम्', 'इमम्', 'राजर्षयस्', 'विदुस्', '।', 'सस्', 'कालेन', 'इह', 'महता', 'योगस्', 'नष्टस्', 'परन्तप', '॥']"
165,"['सस्', 'एव', 'अयम्', 'मया', 'ते', 'अद्य', 'योगस्', 'प्रोक्तस्', 'पुरातनस्', '।', 'भक्तस्', 'असि', 'मे', 'सखा', 'च', 'इति', 'रहस्यम्', 'हि', 'एतत्', 'उत्तमम्', '॥']"
166,"['अपरम्', 'भवतस्', 'जन्म', 'परम्', 'जन्म', 'विवस्वतस्', '।', 'कथम्', 'एतत्', 'विजानीयाम्', 'त्वम्', 'आदौ', 'प्रोक्तवान्', 'इति', '॥']"
167,"['बहूनि', 'मे', 'व्यतीतानि', 'जन्मानि', 'तव', 'च', 'अर्जुन', '।', 'तानि', 'अहम्', 'वेद', 'सर्वाणि', 'न', 'त्वम्', 'वेत्थ', 'परन्तप', '॥']"
168,"['अजस्', 'अपि', 'सन्', 'अव्ययात्मा', 'भूतानाम्', 'ईश्वरस्', 'अपि', 'सन्', '।', 'प्रकृतिम्', 'स्वाम्', 'अधिष्ठाय', 'सम्भवामि', 'आत्ममायया', '॥']"
169,"['यदा', 'यदा', 'हि', 'धर्मस्य', 'ग्लानिस्', 'भवति', 'भारत', '।', 'अभ्युत्थानम्', 'अधर्मस्य', 'तदा', 'आत्मानम्', 'सृजामि', 'अहम्', '॥']"
170,"['परित्राणाय', 'साधूनाम्', 'विनाशाय', 'च', 'दुष्कृताम्', '।', 'धर्मसंस्थापनार्थाय', 'सम्भवामि', 'युगे', 'युगे', '॥']"
171,"['जन्म', 'कर्म', 'च', 'मे', 'दिव्यम्', 'एवम्', 'यस्', 'वेत्ति', 'तत्त्वतस्', '।', 'त्यक्त्वा', 'देहम्', 'पुनस्', 'जन्म', 'न', 'एति', 'माम्', 'एति', 'सस्', 'अर्जुन', '॥']"
172,"['वीतरागभयक्रोधास्', 'मन्मयास्', 'माम्', 'उपाश्रितास्', '।', 'बहवस्', 'ज्ञानतपसा', 'पूतास्', 'मद्भावम्', 'आगतास्', '॥']"
173,"['ये', 'यथा', 'माम्', 'प्रपद्यन्ते', 'तान्', 'तथा', 'एव', 'भजाम्यि', 'अहम्', '।', 'मम', 'वर्त्म', 'अनुवर्तन्ते', 'मनुष्यास्', 'पार्थ', 'सर्वशस्', '॥']"
174,"['काङ्क्षन्तस्', 'कर्मणाम्', 'सिद्धिम्', 'यजन्ते', 'इह', 'देवतास्', '।', 'क्षिप्रम्', 'हि', 'मानुषे', 'लोके', 'सिद्धिस्', 'भवति', 'कर्मजा', '॥']"
175,"['चातुर्वर्ण्यम्', 'मया', 'सृष्टम्', 'गुणकर्मविभागशस्', '।', 'तस्य', 'कर्तारम्', 'अपि', 'माम्', 'विद्धि', 'अकर्तारम्', 'अव्ययम्', '॥']"
176,"['न', 'माम्', 'कर्माणि', 'लिम्पन्ति', 'न', 'मे', 'कर्मफले', 'स्पृहा', '।', 'इति', 'माम्', 'यस्', 'अभिजानाति', 'कर्मभिस्', 'न', 'सस्', 'बध्यते', '॥']"
177,"['एवम्', 'ज्ञात्वा', 'कृतम्', 'कर्म', 'पूर्वैस्', 'अपि', 'मुमुक्षुभिस्', '।', 'कुरु', 'कर्म', 'एव', 'तस्मात्', 'त्वम्', 'पूर्वैस्', 'पूर्वतरम्', 'कृतम्', '॥']"
178,"['किम्', 'कर्म', 'किम्', 'अकर्म', 'इति', 'कवयस्', 'अपि', 'अत्र', 'मोहितास्', '।', 'तत्', 'ते', 'कर्म', 'प्रवक्ष्यामि', 'यत्', 'ज्ञात्वा', 'मोक्ष्यसे', 'अशुभात्', '॥']"
179,"['कर्मणस्', 'हि', 'अपि', 'बोद्धव्यम्', 'बोद्धव्यम्', 'च', 'विकर्मणस्', '।', 'अकर्मणस्', 'च', 'बोद्धव्यम्', 'गहना', 'कर्मणस्', 'गतिस्', '॥']"
180,"['कर्मणि', 'अकर्म', 'यस्', 'पश्येत्', 'अकर्मणि', 'च', 'कर्म', 'यस्', '।', 'सस्', 'बुद्धिमान्', 'मनुष्येषु', 'सस्', 'युक्तस्', 'कृत्स्नकर्मकृत्', '॥']"
181,"['यस्य', 'सर्वे', 'समारम्भास्', 'कामसङ्कल्पवर्जितास्', '।', 'ज्ञानाग्निदग्धकर्माणम्', 'तम्', 'आहुस्', 'पण्डितम्', 'बुधास्', '॥']"
182,"['त्यक्त्वा', 'कर्मफलासङ्गम्', 'नित्यतृप्तस्', 'निराश्रयस्', '।', 'कर्मणि', 'अभिप्रवृत्तस्', 'अपि', 'न', 'एव', 'किञ्चित्', 'करोति', 'सस्', '॥']"
183,"['निराशीस्', 'यतचित्तात्मा', 'त्यक्तसर्वपरिग्रहस्', '।', 'शारीरम्', 'केवलम्', 'कर्म', 'कुर्वन्', 'न', 'आप्नोति', 'किल्बिषम्', '॥']"
184,"['यदृच्छालाभसन्तुष्टस्', 'द्वन्द्वातीतस्', 'विमत्सरस्', '।', 'समस्', 'सिद्धौ', 'असिद्धौ', 'च', 'कृत्वा', 'अपि', 'न', 'निबध्यते', '॥']"
185,"['गतसङ्गस्य', 'मुक्तस्य', 'ज्ञानावस्थितचेतसस्', '।', 'यज्ञाय', 'आचरतस्', 'कर्म', 'समग्रम्', 'प्रविलीयते', '॥']"
186,"['ब्रह्मार्पणम्', 'ब्रह्म', 'हविस्', 'ब्रह्माग्नौ', 'ब्रह्मणा', 'हुतम्', '।', 'ब्रह्म', 'एव', 'तेन', 'गन्तव्यम्', 'ब्रह्मकर्मसमाधिना', '॥']"
187,"['दैवम्', 'एव', 'अपरे', 'यज्ञम्', 'योगिनस्', 'पर्युपासते', '।', 'ब्रह्माग्नौ', 'अपरे', 'यज्ञम्', 'यज्ञेन', 'एव', 'उपजुह्वति', '॥']"
188,"['श्रोत्रादीनीन्द्रियाणि', 'अन्ये', 'संयमाग्निषु', 'जुह्वति', '।', 'शब्दादीन्', 'विषयान्', 'अन्ये', 'इन्द्रियाग्निषु', 'जुह्वति', '॥']"
189,"['सर्वाणि', 'इन्द्रियकर्माणि', 'प्राणकर्माणि', 'च', 'अपरे', '।', 'आत्मसंयमयोगाग्नौ', 'जुह्वति', 'ज्ञानदीपिते', '॥']"
190,"['द्रव्ययज्ञास्', 'तपोयज्ञास्', 'योगयज्ञास्', 'तथा', 'अपरे', '।', 'स्वाध्यायज्ञानयज्ञास्', 'च', 'यतयस्', 'संशितव्रतास्', '॥']"
191,"['अपाने', 'जुह्वति', 'प्राणम्', 'प्राणे', 'अपानम्', 'तथा', 'अपरे', '।', 'प्राणापानगती', 'रुद्ध्वा', 'प्राणायामपरायणास्', '॥']"
192,"['अपरे', 'नियताहारास्', 'प्राणान्', 'प्राणेषु', 'जुह्वति', '।', 'सर्वे', 'अपि', 'एते', 'यज्ञविदस्', 'यज्ञक्षपितकल्मषास्', '॥']"
193,"['यज्ञशिष्टामृतभुजस्', 'यान्ति', 'ब्रह्म', 'सनातनम्', '।', 'नायम्', 'लोकस्', 'अस्ति', 'अयज्ञस्य', 'कुतस्', 'अन्यस्', 'कुरुसत्तम', '॥']"
194,"['एवम्', 'बहुविधास्', 'यज्ञास्', 'विततास्', 'ब्रह्मणस्', 'मुखे', '।', 'कर्मजान्', 'विद्धि', 'तान्', 'सर्वान्', 'एवम्', 'ज्ञात्वा', 'विमोक्ष्यसे', '॥']"
195,"['श्रेयान्', 'द्रव्यमयात्', 'यज्ञात्', 'ज्ञानयज्ञस्', 'परन्तप', '।', 'सर्वम्', 'कर्माखिलम्', 'पार्थ', 'ज्ञाने', 'परिसमाप्यते', '॥']"
196,"['तत्', 'विद्धि', 'प्रणिपातेन', 'परिप्रश्नेन', 'सेवया', '।', 'उपदेक्ष्यन्ति', 'ते', 'ज्ञानम्', 'ज्ञानिनस्', 'तत्त्वदर्शिनस्', '॥']"
197,"['यत्', 'ज्ञात्वा', 'न', 'पुनर्', 'मोहम्', 'एवम्', 'यास्यसि', 'पाण्डव', '।', 'येन', 'भूतानि', 'अशेषेण', 'द्रक्ष्यसि', 'आत्मनि', 'अथो', 'मयि', '॥']"
198,"['अपि', 'चेत्', 'असि', 'पापेभ्यस्', 'सर्वेभ्यस्', 'पापकृत्तमस्', '।', 'सर्वम्', 'ज्ञानप्लवेन', 'एव', 'वृजिनम्', 'सन्तरिष्यसि', '॥']"
199,"['यथा', 'एधांसि', 'समिद्धस्', 'अग्निस्', 'भस्मसात्', 'कुरुते', 'अर्जुन', '।', 'ज्ञानाग्निस्', 'सर्वकर्माणि', 'भस्मसात्', 'कुरुते', 'तथा', '॥']"
200,"['न', 'हि', 'ज्ञानेन', 'सदृशम्', 'पवित्रम्', 'इह', 'विद्यते', '।', 'तत्', 'स्वयम्', 'योगसंसिद्धस्', 'कालेन', 'आत्मनि', 'विन्दति', '॥']"
201,"['श्रद्धावान्', 'लभते', 'ज्ञानम्', 'तत्परस्', 'संयतेन्द्रियस्', '।', 'ज्ञानम्', 'लब्ध्वा', 'पराम्', 'शान्तिम्', 'अचिरेणाधिगच्छति', '॥']"
202,"['अज्ञस्', 'च', 'अश्रद्दधानस्', 'च', 'संशयात्मा', 'विनश्यति', '।', 'न', 'अयम्', 'लोकस्', 'अस्ति', 'न', 'परस्', 'न', 'सुखम्', 'संशयात्मनस्', '॥']"
203,"['योगसंन्यस्तकर्माणम्', 'ज्ञानसञ्छिन्नसंशयम्', '।', 'आत्मवन्तम्', 'न', 'कर्माणि', 'निबध्नन्ति', 'धनञ्जय', '॥']"
204,"['तस्मात्', 'अज्ञानसम्भूतम्', 'हृत्स्थम्', 'ज्ञानासिनात्मनस्', '।', 'छित्त्वा', 'एनम्', 'संशयम्', 'योगम्', 'आतिष्ठ', 'उत्तिष्ठ', 'भारत', '॥']"
205,"['संन्यासम्', 'कर्मणाम्', 'कृष्ण', 'पुनर्', 'योगम्', 'च', 'शंससि', '।', 'यत्', 'श्रेयस्', 'एतयोस्', 'एकम्', 'तत्', 'मे', 'ब्रूहि', 'सुनिश्चितम्', '॥']"
206,"['संन्यासस्', 'कर्मयोगस्', 'च', 'निःश्रेयसकरौ', 'उभौ', '।', 'तयोस्', 'तु', 'कर्मसंन्यासात्', 'कर्मयोगस्', 'विशिष्यते', '॥']"
207,"['ज्ञेयस्', 'सस्', 'नित्यसंन्यासी', 'यस्', 'न', 'द्वेष्टि', 'न', 'काङ्क्षति', '।', 'निर्द्वन्द्वस्', 'हि', 'महाबाहो', 'सुखम्', 'बन्धात्', 'प्रमुच्यते', '॥']"
208,"['साङ्ख्ययोगौ', 'पृथक्', 'बालास्', 'प्रवदन्ति', 'न', 'पण्डितास्', '।', 'एकम्', 'अपि', 'आस्थितस्', 'सम्यक्', 'उभयोस्', 'विन्दते', 'फलम्', '॥']"
209,"['यत्', 'साङ्ख्यैस्', 'प्राप्यते', 'स्थानम्', 'तत्', 'योगैस्', 'अपि', 'गम्यते', '।', 'एकम्', 'साङ्ख्यम्', 'च', 'योगम्', 'च', 'यस्', 'पश्यति', 'सस्', 'पश्यति', '॥']"
210,"['संन्यासस्', 'तु', 'महाबाहो', 'दुःखम्', 'आप्तुम्', 'अयोगतस्', '।', 'योगयुक्तस्', 'मुनिस्', 'ब्रह्म', 'नचिरेण', 'अधिगच्छति', '॥']"
211,"['योगयुक्तस्', 'विशुद्धात्मा', 'विजितात्मा', 'जितेन्द्रियस्', '।', 'सर्वभूतात्मभूतात्मा', 'कुर्वन्', 'अपि', 'न', 'लिप्यते', '॥']"
212,"['न', 'एव', 'किञ्चित्', 'करोमि', 'इति', 'युक्तस्', 'मन्येत', 'तत्त्ववित्', '।', 'पश्यन्', 'शृण्वन्', 'स्पृशन्', 'जिघ्रन्', 'अश्नन्', 'गच्छन्', 'स्वपन्', 'श्वसन्', '॥']"
213,"['प्रलपन्', 'विसृजन्', 'गृह्णन्', 'उन्मिषन्', 'निमिषन्', 'अपि', '।', 'इन्द्रियाणि', 'इन्द्रियार्थेषु', 'वर्तन्ते', 'इति', 'धारयन्', '॥']"
214,"['ब्रह्मणि', 'आधाय', 'कर्माणि', 'सङ्गम्', 'त्यक्त्वा', 'करोति', 'यस्', '।', 'लिप्यते', 'न', 'सस्', 'पापेन', 'पद्मपत्रम्', 'इव', 'अम्भसा', '॥']"
215,"['कायेन', 'मनसा', 'बुद्ध्या', 'केवलैस्', 'इन्द्रियैस्', 'अपि', '।', 'योगिनस्', 'कर्म', 'कुर्वन्ति', 'सङ्गम्', 'त्यक्त्वा', 'आत्मशुद्धये', '॥']"
216,"['युक्तस्', 'कर्मफलम्', 'त्यक्त्वा', 'शान्तिम्', 'आप्नोति', 'नैष्ठिकीम्', '।', 'अयुक्तस्', 'कामकारेण', 'फले', 'सक्तस्', 'निबध्यते', '॥']"
217,"['सर्वकर्माणि', 'मनसा', 'संन्यस्य', 'आस्ते', 'सुखम्', 'वशी', '।', 'नवद्वारे', 'पुरे', 'देही', 'न', 'एव', 'कुर्वन्', 'न', 'कारयन्', '॥']"
218,"['न', 'कर्तृत्वम्', 'न', 'कर्माणि', 'लोकस्य', 'सृजति', 'प्रभुस्', '।', 'न', 'कर्मफलसंयोगम्', 'स्वभावस्', 'तु', 'प्रवर्तते', '॥']"
219,"['न', 'आदत्ते', 'कस्यचित्', 'पापम्', 'न', 'च', 'एव', 'सुकृतम्', 'विभुस्', '।', 'अज्ञानेन', 'आवृतम्', 'ज्ञानम्', 'तेन', 'मुह्यन्ति', 'जन्तवस्', '॥']"
220,"['ज्ञानेन', 'तु', 'तत्', 'अज्ञानम्', 'येषाम्', 'नाशितम्', 'आत्मनस्', '।', 'तेषाम्', 'आदित्यवत्', 'ज्ञानम्', 'प्रकाशयति', 'तत्', 'परम्', '॥']"
221,"['तत्', 'बुद्धयस्', 'तत्', 'आत्मानस्', 'तत्', 'निष्ठास्', 'तत्', 'परायणास्', '।', 'गच्छन्ति', 'अपुनरावृत्तिम्', 'ज्ञाननिर्धूतकल्मषास्', '॥']"
222,"['विद्याविनयसम्पन्ने', 'ब्राह्मणे', 'गवि', 'हस्तिनि', '।', 'शुनि', 'च', 'एव', 'श्वपाके', 'च', 'पण्डितास्', 'समदर्शिनस्', '॥']"
223,"['इह', 'एव', 'तैस्', 'जितस्', 'सर्गस्', 'येषाम्', 'साम्ये', 'स्थितम्', 'मनस्', '।', 'निर्दोषम्', 'हि', 'समम्', 'ब्रह्म', 'तस्मात्', 'ब्रह्मणि', 'ते', 'स्थितास्', '॥']"
224,"['न', 'प्रहृष्येत्', 'प्रियम्', 'प्राप्य', 'न', 'उद्विजेत्', 'प्राप्य', 'च', 'अप्रियम्', '।', 'स्थिरबुद्धिस्', 'असम्मूढस्', 'ब्रह्मवित्', 'ब्रह्मणि', 'स्थितस्', '॥']"
225,"['बाह्यस्पर्शेषु', 'असक्तात्मा', 'विन्दति', 'आत्मनि', 'यत्', 'सुखम्', '।', 'सस्', 'ब्रह्मयोगयुक्तात्मा', 'सुखम्', 'अक्षयम्', 'अश्नुते', '॥']"
226,"['ये', 'हि', 'संस्पर्शजास्', 'भोगास्', 'दुःखयोनयस्', 'एव', 'ते', '।', 'आदि', 'अन्तवन्तस्', 'कौन्तेय', 'न', 'तेषु', 'रमते', 'बुधस्', '॥']"
227,"['शक्नोति', 'इह', 'एव', 'यस्', 'सोढुम्', 'प्राक्', 'शरीरविमोक्षणात्', '।', 'कामक्रोधोद्भवम्', 'वेगम्', 'सस्', 'युक्तस्', 'सस्', 'सुखी', 'नरस्', '॥']"
228,"['यस्', 'अन्तःसुखस्', 'अन्तरारामस्', 'तथा', 'अन्तर्ज्योतिस्', 'एव', 'यस्', '।', 'सस्', 'योगी', 'ब्रह्मनिर्वाणम्', 'ब्रह्मभूतस्', 'अधिगच्छति', '॥']"
229,"['लभन्ते', 'ब्रह्मनिर्वाणम्', 'ऋषयस्', 'क्षीणकल्मषास्', '।', 'छिन्नद्वैधास्', 'यतात्मानस्', 'सर्वभूतहिते', 'रतास्', '॥']"
230,"['कामक्रोधवियुक्तानाम्', 'यतीनाम्', 'यतचेतसाम्', '।', 'अभितस्', 'ब्रह्मनिर्वाणम्', 'वर्तते', 'विदितात्मनाम्', '॥']"
231,"['स्पर्शान्', 'कृत्वा', 'बहिस्', 'बाह्यान्', 'चक्षुस्', 'च', 'एव', 'अन्तरे', 'भ्रुवोस्', '।', 'प्राणापानौ', 'समौ', 'कृत्वा', 'नासाभ्यन्तरचारिणौ', '॥']"
232,"['यतेन्द्रियमनस्', 'बुद्धिस्', 'मुनिस्', 'मोक्षपरायणस्', '।', 'विगतेच्छाभयक्रोधस्', 'यस्', 'सदा', 'मुक्तस्', 'एव', 'सस्', '॥']"
233,"['भोक्तारम्', 'यज्ञतपसाम्', 'सर्वलोकमहेश्वरम्', '।', 'सुहृदम्', 'सर्वभूतानाम्', 'ज्ञात्वा', 'माम्', 'शान्तिम्', 'ऋच्छति', '॥']"
234,"['अनाश्रितस्', 'कर्मफलम्', 'कार्यम्', 'कर्म', 'करोति', 'यस्', '।', 'सस्', 'संन्यासी', 'च', 'योगी', 'च', 'न', 'निरग्निस्', 'न', 'च', 'अक्रियस्', '॥']"
235,"['यम्', 'संन्यासम्', 'इति', 'प्राहुस्', 'योगम्', 'तम्', 'विद्धि', 'पाण्डव', '।', 'न', 'हि', 'असंन्यस्तसङ्कल्पस्', 'योगी', 'भवति', 'कश्चन', '॥']"
236,"['आरुरुक्षोस्', 'मुनेस्', 'योगम्', 'कर्म', 'कारणम्', 'उच्यते', '।', 'योगारूढस्य', 'तस्य', 'एव', 'शमस्', 'कारणम्', 'उच्यते', '॥']"
237,"['यदा', 'हि', 'न', 'इन्द्रियार्थेषु', 'न', 'कर्मसु', 'अनुषज्जते', '।', 'सर्वसङ्कल्पसंन्यासी', 'योगारूढस्', 'तदा', 'उच्यते', '॥']"
238,"['उद्धरेत्', 'आत्मना', 'आत्मानम्', 'न', 'आत्मानम्', 'अवसादयेत्', '।', 'आत्मा', 'एव', 'हि', 'आत्मनस्', 'बन्धुस्', 'आत्मा', 'एव', 'रिपुस्', 'आत्मनस्', '॥']"
239,"['बन्धुस्', 'आत्मा', 'आत्मनस्', 'तस्य', 'येन', 'आत्मा', 'एव', 'आत्मना', 'जितस्', '।', 'अनात्मनस्', 'तु', 'शत्रुत्वे', 'वर्तेत', 'आत्मा', 'एव', 'शत्रुवत्', '॥']"
240,"['जितात्मनस्', 'प्रशान्तस्य', 'परमात्मा', 'समाहितस्', '।', 'शीतोष्णसुखदुःखेषु', 'तथा', 'मानापमानयोस्', '॥']"
241,"['ज्ञानविज्ञानतृप्तात्मा', 'कूटस्थस्', 'विजितेन्द्रियस्', '।', 'युक्तस्', 'इति', 'उच्यते', 'योगी', 'समलोष्टाश्मकाञ्चनस्', '॥']"
242,"['सुहृत्', 'मित्रार्युदासीनमध्यस्थद्वेष्यबन्धुषु', '।', 'साधुषु', 'अपि', 'च', 'पापेषु', 'समबुद्धिस्', 'विशिष्यते', '॥']"
243,"['योगी', 'युञ्जीत', 'सततम्', 'आत्मानम्', 'रहसि', 'स्थितस्', '।', 'एकाकी', 'यतचित्तात्मा', 'निराशीस्', 'अपरिग्रहस्', '॥']"
244,"['शुचौ', 'देशे', 'प्रतिष्ठाप्य', 'स्थिरम्', 'आसनम्', 'आत्मनस्', '।', 'न', 'अत्युच्छ्रितम्', 'न', 'अतिनीचम्', 'चैलाजिनकुशोत्तरम्', '॥']"
245,"['तत्र', 'एकाग्रम्', 'मनस्', 'कृत्वा', 'यतचित्तेन्द्रियक्रियस्', '।', 'उपविश्य', 'आसने', 'युञ्ज्यात्', 'योगम्', 'आत्मविशुद्धये', '॥']"
246,"['समम्', 'कायशिरोग्रीवम्', 'धारयन्', 'अचलम्', 'स्थिरस्', '।', 'सम्प्रेक्ष्य', 'नासिकाग्रम्', 'स्वम्', 'दिशस्', 'च', 'अनवलोकयन्', '॥']"
247,"['प्रशान्तात्मा', 'विगतभीस्', 'ब्रह्मचारिव्रते', 'स्थितस्', '।', 'मनस्', 'संयम्य', 'मच्चित्तस्', 'युक्तस्', 'आसीत', 'मत्परस्', '॥']"
248,"['युञ्जन्', 'एवम्', 'सदा', 'आत्मानम्', 'योगी', 'नियतमानसस्', '।', 'शान्तिम्', 'निर्वाणपरमाम्', 'मत्संस्थाम्', 'अधिगच्छति', '॥']"
249,"['न', 'अति', 'अश्नतस्', 'तु', 'योगस्', 'अस्ति', 'न', 'च', 'एकान्तम्', 'अनश्नतस्', '।', 'न', 'च', 'अतिस्वप्नशीलस्य', 'जाग्रतस्', 'न', 'एव', 'च', 'अर्जुन', '॥']"
250,"['युक्ताहारविहारस्य', 'युक्तचेष्टस्य', 'कर्मसु', '।', 'युक्तस्वप्नावबोधस्य', 'योगस्', 'भवति', 'दुःखहा', '॥']"
251,"['यदा', 'विनियतम्', 'चित्तम्', 'आत्मनि', 'एव', 'अवतिष्ठते', '।', 'निःस्पृहस्', 'सर्वकामेभ्यस्', 'युक्तस्', 'इति', 'उच्यते', 'तदा', '॥']"
252,"['यथा', 'दीपस्', 'निवातस्थस्', 'न', 'इङ्गते', 'सा', 'उपमा', 'स्मृता', '।', 'योगिनस्', 'यतचित्तस्य', 'युञ्जतस्', 'योगम्', 'आत्मनस्', '॥']"
253,"['यत्र', 'उपरमते', 'चित्तम्', 'निरुद्धम्', 'योगसेवया', '।', 'यत्र', 'च', 'एव', 'आत्मना', 'आत्मानम्', 'पश्यन्', 'आत्मनि', 'तुष्यति', '॥']"
254,"['सुखम्', 'आत्यन्तिकम्', 'यत्', 'तत्', 'बुद्धिग्राह्यम्', 'अतीन्द्रियम्', '।', 'वेत्ति', 'यत्र', 'न', 'च', 'एव', 'अयम्', 'स्थितस्', 'चलति', 'तत्त्वतस्', '॥']"
255,"['यम्', 'लब्ध्वा', 'च', 'अपरम्', 'लाभम्', 'मन्यते', 'न', 'अधिकम्', 'ततस्', '।', 'यस्मिन्', 'स्थितस्', 'न', 'दुःखेन', 'गुरुणा', 'अपि', 'विचाल्यते', '॥']"
256,"['तम्', 'विद्यात्', 'दुःखसंयोगवियोगम्', 'योगसंज्ञितम्', '।', 'सस्', 'निश्चयेन', 'योक्तव्यस्', 'योगस्', 'अनिर्विण्णचेतसा', '॥']"
257,"['सङ्कल्पप्रभवान्', 'कामान्', 'त्यक्त्वा', 'सर्वान्', 'अशेषतस्', '।', 'मनसा', 'एव', 'इन्द्रियग्रामम्', 'विनियम्य', 'समन्ततस्', '॥']"
258,"['शनैस्', 'शनैस्', 'उपरमेत्', 'बुद्ध्या', 'धृतिगृहीतया', '।', 'आत्मसंस्थम्', 'मनस्', 'कृत्वा', 'न', 'किञ्चित्', 'अपि', 'चिन्तयेत्', '॥']"
259,"['यतस्', 'यतस्', 'निश्चरति', 'मनस्', 'चञ्चलम्', 'अस्थिरम्', '।', 'ततस्', 'ततस्', 'नियम्य', 'एतत्', 'आत्मनि', 'एव', 'वशम्', 'नयेत्', '॥']"
260,"['प्रशान्तमनसम्', 'हि', 'एनम्', 'योगिनम्', 'सुखम्', 'उत्तमम्', '।', 'उपैति', 'शान्तरजसम्', 'ब्रह्मभूतम्', 'अकल्मषम्', '॥']"
261,"['युञ्जन्', 'एवम्', 'सदा', 'आत्मानम्', 'योगी', 'विगतकल्मषस्', '।', 'सुखेन', 'ब्रह्मसंस्पर्शम्', 'अत्यन्तम्', 'सुखम्', 'अश्नुते', '॥']"
262,"['सर्वभूतस्थम्', 'आत्मानम्', 'सर्वभूतानि', 'च', 'आत्मनि', '।', 'ईक्षते', 'योगयुक्तात्मा', 'सर्वत्र', 'समदर्शनस्', '॥']"
263,"['यस्', 'माम्', 'पश्यति', 'सर्वत्र', 'सर्वम्', 'च', 'मयि', 'पश्यति', '।', 'तस्य', 'अहम्', 'न', 'प्रणश्यामि', 'सस्', 'च', 'मे', 'न', 'प्रणश्यति', '॥']"
264,"['सर्वभूतस्थितम्', 'यस्', 'माम्', 'भजति', 'एकत्वम्', 'आस्थितस्', '।', 'सर्वथा', 'वर्तमानस्', 'अपि', 'सस्', 'योगी', 'मयि', 'वर्तते', '॥']"
265,"['आत्मौपम्येन', 'सर्वत्र', 'समम्', 'पश्यति', 'यस्', 'अर्जुन', '।', 'सुखम्', 'वा', 'यदि', 'वा', 'दुःखम्', 'सस्', 'योगी', 'परमस्', 'मतस्', '॥']"
266,"['यस्', 'अयम्', 'योगस्', 'त्वया', 'प्रोक्तस्', 'साम्येन', 'मधुसूदन', '।', 'एतस्य', 'अहम्', 'न', 'पश्यामि', 'चञ्चलत्वात्', 'स्थितिम्', 'स्थिराम्', '॥']"
267,"['चञ्चलम्', 'हि', 'मनस्', 'कृष्ण', 'प्रमाथि', 'बलवत्', 'दृढम्', '।', 'तस्य', 'अहम्', 'निग्रहम्', 'मन्ये', 'वायोस्', 'इव', 'सुदुष्करम्', '॥']"
268,"['असंशयम्', 'महाबाहो', 'मनस्', 'दुर्निग्रहम्', 'चलम्', '।', 'अभ्यासेन', 'तु', 'कौन्तेय', 'वैराग्येण', 'च', 'गृह्यते', '॥']"
269,"['असंयतात्मना', 'योगस्', 'दुष्प्रापस्', 'इति', 'मे', 'मतिस्', '।', 'वश्यात्मना', 'तु', 'यतता', 'शक्यस्', 'अवाप्तुम्', 'उपायतस्', '॥']"
270,"['अयतिस्', 'श्रद्धया', 'उपेतस्', 'योगात्', 'चलितमानसस्', '।', 'अप्राप्य', 'योगसंसिद्धिम्', 'काम्', 'गतिम्', 'कृष्ण', 'गच्छति', '॥']"
271,"['कच्चित्', 'न', 'उभयविभ्रष्टस्', 'छिन्नाभ्रम्', 'इव', 'नश्यति', '।', 'अप्रतिष्ठस्', 'महाबाहो', 'विमूढस्', 'ब्रह्मणस्', 'पथि', '॥']"
272,"['एतत्', 'मे', 'संशयम्', 'कृष्ण', 'छेत्तुम्', 'अर्हसि', 'अशेषतस्', '।', 'त्वत्', 'अन्यस्', 'संशयस्य', 'अस्य', 'छेत्ता', 'न', 'हि', 'उपपद्यते', '॥']"
273,"['पार्थ', 'न', 'एव', 'इह', 'न', 'अमुत्र', 'विनाशस्', 'तस्य', 'विद्यते', '।', 'न', 'हि', 'कल्याणकृत्', 'कश्चित्', 'दुर्गतिम्', 'तात', 'गच्छति', '॥']"
274,"['प्राप्य', 'पुण्यकृताम्', 'लोकान्', 'उषित्वा', 'शाश्वतीस्', 'समास्', '।', 'शुचीनाम्', 'श्रीमताम्', 'गेहे', 'योगभ्रष्टस्', 'अभिजायते', '॥']"
275,"['अथवा', 'योगिनाम्', 'एव', 'कुले', 'भवति', 'धीमताम्', '।', 'एतत्', 'हि', 'दुर्लभतरम्', 'लोके', 'जन्म', 'यत्', 'ईदृशम्', '॥']"
276,"['तत्र', 'तम्', 'बुद्धिसंयोगम्', 'लभते', 'पौर्वदेहिकम्', '।', 'यतते', 'च', 'ततस्', 'भूयस्', 'संसिद्धौ', 'कुरुनन्दन', '॥']"
277,"['पूर्वाभ्यासेन', 'तेन', 'एव', 'ह्रियते', 'हि', 'अवशस्', 'अपि', 'सस्', '।', 'जिज्ञासुस्', 'अपि', 'योगस्य', 'शब्दब्रह्म', 'अतिवर्तते', '॥']"
278,"['प्रयत्नात्', 'यतमानस्', 'तु', 'योगी', 'संशुद्धकिल्बिषस्', '।', 'अनेकजन्मसंसिद्धस्', 'ततस्', 'याति', 'पराम्', 'गतिम्', '॥']"
279,"['तपस्विभ्यस्', 'अधिकस्', 'योगी', 'ज्ञानिभ्यस्', 'अपि', 'मतस्', 'अधिकस्', '।', 'कर्मिभ्यस्', 'च', 'अधिकस्', 'योगी', 'तस्मात्', 'योगी', 'भव', 'अर्जुन', '॥']"
280,"['योगिनाम्', 'अपि', 'सर्वेषाम्', 'मत्', 'गतेन', 'अन्तरात्मना', '।', 'श्रद्धावान्', 'भजते', 'यस्', 'माम्', 'सस्', 'मे', 'युक्ततमस्', 'मतस्', '॥']"
281,"['मयि', 'आसक्तमनास्', 'पार्थ', 'योगम्', 'युञ्जन्', 'मत्', 'आश्रयस्', '।', 'असंशयम्', 'समग्रम्', 'माम्', 'यथा', 'ज्ञास्यसि', 'तत्', 'शृणु', '॥']"
282,"['ज्ञानम्', 'ते', 'अहम्', 'सविज्ञानम्', 'इदम्', 'वक्ष्यामि', 'अशेषतस्', '।', 'यत्', 'ज्ञात्वा', 'न', 'इह', 'भूयस्', 'अन्यत्', 'ज्ञातव्यम्', 'अवशिष्यते', '॥']"
283,"['मनुष्याणाम्', 'सहस्रेषु', 'कश्चित्', 'यतति', 'सिद्धये', '।', 'यतताम्', 'अपि', 'सिद्धानाम्', 'कश्चित्', 'माम्', 'वेत्ति', 'तत्त्वतस्', '॥']"
284,"['भूमिस्', 'आपस्', 'अनलस्', 'वायुस्', 'खम्', 'मनस्', 'बुद्धिस्', 'एव', 'च', '।', 'अहङ्कारस्', 'इति', 'इयम्', 'मे', 'भिन्ना', 'प्रकृतिस्', 'अष्टधा', '॥']"
285,"['अपरा', 'इयम्', 'इतस्', 'तु', 'अन्याम्', 'प्रकृतिम्', 'विद्धि', 'मे', 'पराम्', '।', 'जीवभूताम्', 'महाबाहो', 'यया', 'इदम्', 'धार्यते', 'जगत्', '॥']"
286,"['एतत्', 'योनीनि', 'भूतानि', 'सर्वाणि', 'इति', 'उपधारय', '।', 'अहम्', 'कृत्स्नस्य', 'जगतस्', 'प्रभवस्', 'प्रलयस्', 'तथा', '॥']"
287,"['मत्तस्', 'परतरम्', 'न', 'अन्यत्', 'किञ्चित्', 'अस्ति', 'धनञ्जय', '।', 'मयि', 'सर्वम्', 'इदम्', 'प्रोतम्', 'सूत्रे', 'मणिगणास्', 'इव', '॥']"
288,"['रसस्', 'अहम्', 'अप्सु', 'कौन्तेय', 'प्रभा', 'अस्मि', 'शशिसूर्ययोस्', '।', 'प्रणवस्', 'सर्ववेदेषु', 'शब्दस्', 'खे', 'पौरुषम्', 'नृषु', '॥']"
289,"['पुण्यस्', 'गन्धस्', 'पृथिव्याम्', 'च', 'तेजस्', 'च', 'अस्मि', 'विभावसौ', '।', 'जीवनम्', 'सर्वभूतेषु', 'तपस्', 'च', 'अस्मि', 'तपस्विषु', '॥']"
290,"['बीजम्', 'माम्', 'सर्वभूतानाम्', 'विद्धि', 'पार्थ', 'सनातनम्', '।', 'बुद्धिस्', 'बुद्धिमताम्', 'अस्मि', 'तेजस्', 'तेजस्विनाम्', 'अहम्', '॥']"
291,"['बलम्', 'बलवताम्', 'च', 'अहम्', 'कामरागविवर्जितम्', '।', 'धर्माविरुद्धस्', 'भूतेषु', 'कामस्', 'अस्मि', 'भरतर्षभ', '॥']"
292,"['ये', 'च', 'एव', 'सात्त्विकास्', 'भावास्', 'राजसास्', 'तामसास्', 'च', 'ये', '।', 'मत्तस्', 'एव', 'इति', 'तान्', 'विद्धि', 'न', 'तु', 'अहमद', 'तेषु', 'ते', 'मयि', '॥']"
293,"['त्रिभिस्', 'गुणमयैस्', 'भावैस्', 'एभिस्', 'सर्वम्', 'इदम्', 'जगत्', '।', 'मोहितम्', 'न', 'अभिजानाति', 'माम्', 'एभ्यस्', 'परम्', 'अव्ययम्', '॥']"
294,"['दैवी', 'हि', 'एषा', 'गुणमयी', 'मम', 'माया', 'दुरत्यया', '।', 'माम्', 'एव', 'ये', 'प्रपद्यन्ते', 'मायाम्', 'एताम्', 'तरन्ति', 'ते', '॥']"
295,"['न', 'माम्', 'दुष्कृतिनस्', 'मूढास्', 'प्रपद्यन्ते', 'नराधमास्', '।', 'मायया', 'अपहृतज्ञानास्', 'आसुरम्', 'भावम्', 'आश्रितास्', '॥']"
296,"['चतुर्विधास्', 'भजन्ते', 'माम्', 'जनास्', 'सुकृतिनस्', 'अर्जुन', '।', 'आर्तस्', 'जिज्ञासुस्', 'अर्थार्थी', 'ज्ञानी', 'च', 'भरतर्षभ', '॥']"
297,"['तेषाम्', 'ज्ञानी', 'नित्ययुक्तस्', 'एकभक्तिस्', 'विशिष्यते', '।', 'प्रियस्', 'हि', 'ज्ञानिनस्', 'अत्यर्थम्', 'अहम्', 'सस्', 'च', 'मम', 'प्रियस्', '॥']"
298,"['उदारास्', 'सर्वे', 'एव', 'एते', 'ज्ञानी', 'तु', 'आत्मा', 'एव', 'मे', 'मतम्', '।', 'आस्थितस्', 'सस्', 'हि', 'युक्तात्मा', 'माम्', 'एव', 'अनुत्तमाम्', 'गतिम्', '॥']"
299,"['बहूनाम्', 'जन्मनाम्', 'अन्ते', 'ज्ञानवान्', 'माम्', 'प्रपद्यते', '।', 'वासुदेवस्', 'सर्वम्', 'इति', 'सस्', 'महात्मा', 'सुदुर्लभस्', '॥']"
300,"['कामैस्', 'तैस्', 'तैस्', 'हृतज्ञानास्', 'प्रपद्यन्ते', 'अन्यदेवतास्', '।', 'तम्', 'तम्', 'नियमम्', 'आस्थाय', 'प्रकृत्या', 'नियतास्', 'स्वया', '॥']"
301,"['यस्', 'यस्', 'याम्', 'याम्', 'तनुम्', 'भक्तस्', 'श्रद्धया', 'अर्चितुम्', 'इच्छति', '।', 'तस्य', 'तस्य', 'अचलाम्', 'श्रद्धाम्', 'ताम्', 'एव', 'विदधामि', 'अहम्', '॥']"
302,"['सस्', 'तया', 'श्रद्धया', 'युक्तस्', 'तस्य', 'अराधनम्', 'ईहते', '।', 'लभते', 'च', 'ततस्', 'कामान्', 'मया', 'एव', 'विहितान्', 'हि', 'तान्', '॥']"
303,"['अन्तवत्', 'तु', 'फलम्', 'तेषाम्', 'तत्', 'भवति', 'अल्पमेधसाम्', '।', 'देवान्', 'देवयजस्', 'यान्ति', 'मत्', 'भक्तास्', 'यान्ति', 'माम्', 'अपि', '॥']"
304,"['अव्यक्तम्', 'व्यक्तिम्', 'आपन्नम्', 'मन्यन्ते', 'माम्', 'अबुद्धयस्', '।', 'परम्', 'भावम्', 'अजानन्तस्', 'मम', 'अव्ययम्', 'अनुत्तमम्', '॥']"
305,"['न', 'अहम्', 'प्रकाशस्', 'सर्वस्य', 'योगमायासमावृतस्', '।', 'मूढस्', 'अयम्', 'न', 'अभिजानाति', 'लोकस्', 'माम्', 'अजम्', 'अव्ययम्', '॥']"
306,"['वेद', 'अहम्', 'समतीतानि', 'वर्तमानानि', 'च', 'अर्जुन', '।', 'भविष्याणि', 'च', 'भूतानि', 'माम्', 'तु', 'वेद', 'न', 'कश्चन', '॥']"
307,"['इच्छाद्वेषसमुत्थेन', 'द्वन्द्वमोहेन', 'भारत', '।', 'सर्वभूतानि', 'सम्मोहम्', 'सर्गे', 'यान्ति', 'परन्तप', '॥']"
308,"['येषाम्', 'तु', 'अन्तगतम्', 'पापम्', 'जनानाम्', 'पुण्यकर्मणाम्', '।', 'ते', 'द्वन्द्वमोहनिर्मुक्तास्', 'भजन्ते', 'माम्', 'दृढव्रतास्', '॥']"
309,"['जरामरणमोक्षाय', 'माम्', 'आश्रित्य', 'यतन्ति', 'ये', '।', 'ते', 'ब्रह्म', 'तत्', 'विदुस्', 'कृत्स्नम्', 'अध्यात्मम्', 'कर्म', 'च', 'अखिलम्', '॥']"
310,"['साधिभूताधिदैवम्', 'माम्', 'साधियज्ञम्', 'च', 'ये', 'विदुस्', '।', 'प्रयाणकाले', 'अपि', 'च', 'माम्', 'ते', 'विदुस्', 'युक्तचेतसस्', '॥']"
311,"['किम्', 'तत्', 'ब्रह्म', 'किम्', 'अध्यात्मम्', 'किम्', 'कर्म', 'पुरुषोत्तम', '।', 'अधिभूतम्', 'च', 'किम्', 'प्रोक्तम्', 'अधिदैवम्', 'किम्', 'उच्यते', '॥']"
312,"['अधियज्ञस्', 'कथम्', 'कस्', 'अत्र', 'देहे', 'अस्मिन्', 'मधुसूदन', '।', 'प्रयाणकाले', 'च', 'कथम्', 'ज्ञेयस्', 'असि', 'नियतात्मभिस्', '॥']"
313,"['अक्षरम्', 'ब्रह्म', 'परमम्', 'स्वभावस्', 'अध्यात्मम्', 'उच्यते', '।', 'भूतभावोद्भवकरस्', 'विसर्गस्', 'कर्मसंज्ञितस्', '॥']"
314,"['अधिभूतम्', 'क्षरस्', 'भावस्', 'पुरुषस्', 'च', 'अधिदैवतम्', '।', 'अधियज्ञस्', 'अहम्', 'एव', 'अत्र', 'देहे', 'देहभृताम्', 'वर', '॥']"
315,"['अन्तकाले', 'च', 'माम्', 'एव', 'स्मरन्', 'मुक्त्वा', 'कलेवरम्', '।', 'यस्', 'प्रयाति', 'सस्', 'मत्', 'भावम्', 'याति', 'न', 'अस्ति', 'अत्र', 'संशयस्', '॥']"
316,"['यम्', 'यम्', 'वा', 'अपि', 'स्मरन्', 'भावम्', 'त्यजति', 'अन्ते', 'कलेवरम्', '।', 'तम्', 'तम्', 'एव', 'एति', 'कौन्तेय', 'सदा', 'तत्', 'भावभावितस्', '॥']"
317,"['तस्मात्', 'सर्वेषु', 'कालेषु', 'माम्', 'अनुस्मर', 'युध्य', 'च', '।', 'मयि', 'अर्पितमनोबुद्धिस्', 'माम्', 'एव', 'एष्यसि', 'असंशयस्', '॥']"
318,"['अभ्यासयोगयुक्तेन', 'चेतसा', 'न', 'अन्यगामिना', '।', 'परमम्', 'पुरुषम्', 'दिव्यम्', 'याति', 'पार्थ', 'अनुचिन्तयन्', '॥']"
319,"['कविम्', 'पुराणम्', 'अनुशासितारम्', 'अणोस्', 'अणीयांसम्', 'अनुस्मरेत्', 'यस्', '।', 'सर्वस्य', 'धातारम्', 'अचिन्त्यरूपम्', 'आदित्यवर्णम्', 'तमसस्', 'परस्तात्', '॥']"
320,"['प्रयाणकाले', 'मनसा', 'अचलेन', 'भक्त्या', 'युक्तस्', 'योगबलेन', 'च', 'एव', '।', 'भ्रुवोस्', 'मध्ये', 'प्राणम्', 'आवेश्य', 'सम्यक्', 'सस्', 'तम्', 'परम्', 'पुरुषम्', 'उपैति', 'दिव्यम्', '॥']"
321,"['यत्', 'अक्षरम्', 'वेदविदस्', 'वदन्ति', 'विशन्ति', 'यत्', 'यतयस्', 'वीतरागास्', '।', 'यत्', 'इच्छन्तस्', 'ब्रह्मचर्यम्', 'चरन्ति', 'तत्', 'ते', 'पदम्', 'संग्रहेण', 'प्रवक्ष्ये', '॥']"
322,"['सर्वद्वाराणि', 'संयम्य', 'मनस्', 'हृदि', 'निरुध्य', 'च', '।', 'मूर्ध्नि', 'आधाय', 'आत्मनस्', 'प्राणम्', 'आस्थितस्', 'योगधारणाम्', '॥']"
323,"['ओम्', 'इति', 'एकाक्षरम्', 'ब्रह्म', 'व्याहरन्', 'माम्', 'अनुस्मरन्', '।', 'यस्', 'प्रयाति', 'त्यजन्', 'देहम्', 'सस्', 'याति', 'परमाम्', 'गतिम्', '॥']"
324,"['अनन्यचेतास्', 'सततम्', 'यस्', 'माम्', 'स्मरति', 'नित्यशस्', '।', 'तस्य', 'अहम्', 'सुलभस्', 'पार्थ', 'नित्ययुक्तस्य', 'योगिनस्', '॥']"
325,"['माम्', 'उपेत्य', 'पुनर्जन्म', 'दुःखालयम्', 'अशाश्वतम्', '।', 'न', 'आप्नुवन्ति', 'महात्मानस्', 'संसिद्धिम्', 'परमाम्', 'गतास्', '॥']"
326,"['आब्रह्मभुवनात्', 'लोकास्', 'पुनरावर्तिनस्', 'अर्जुन', '।', 'माम्', 'उपेत्य', 'तु', 'कौन्तेय', 'पुनर्जन्म', 'न', 'विद्यते', '॥']"
327,"['सहस्रयुगपर्यन्तम्', 'अहर्', 'यत्', 'ब्रह्मणस्', 'विदुस्', '।', 'रात्रिम्', 'युगसहस्रान्ताम्', 'ते', 'अहोरात्रविस्', 'जनास्', '॥']"
328,"['अव्यक्तात्', 'व्यक्तयस्', 'सर्वास्', 'प्रभवन्ति', 'अहर्', 'आगमे', '।', 'रात्रि', 'आगमे', 'प्रलीयन्ते', 'तत्र', 'एव', 'अव्यक्तसंज्ञके', '॥']"
329,"['भूतग्रामस्', 'सस्', 'एव', 'अयम्', 'भूत्वा', 'भूत्वा', 'प्रलीयते', '।', 'रात्रि', 'आगमे', 'अवशस्', 'पार्थ', 'प्रभवति', 'अहर्', 'आगमे', '॥']"
330,"['परस्', 'तस्मात्', 'तु', 'भावस्', 'अन्यस्', 'अव्यक्तस्', 'अव्यक्तात्', 'सनातनस्', '।', 'यस्', 'सस्', 'सर्वेषु', 'भूतेषु', 'नश्यत्सु', 'न', 'विनश्यति', '॥']"
331,"['अव्यक्तस्', 'अक्षरस्', 'इति', 'उक्तस्', 'तम्', 'आहुस्', 'परमाम्', 'गतिम्', '।', 'यम्', 'प्राप्य', 'न', 'निवर्तन्ते', 'तत्', 'धाम', 'परमम्', 'मम', '॥']"
332,"['पुरुषस्', 'सस्', 'परस्', 'पार्थ', 'भक्त्या', 'लभ्यस्', 'तु', 'अनन्यया', '।', 'यस्य', 'अन्तःस्थानि', 'भूतानि', 'येन', 'सर्वम्', 'इदम्', 'ततम्', '॥']"
333,"['यत्र', 'काले', 'तु', 'अनावृत्तिम्', 'आवृत्तिम्', 'च', 'एव', 'योगिनस्', '।', 'प्रयातास्', 'यान्ति', 'तम्', 'कालम्', 'वक्ष्यामि', 'भरतर्षभ', '॥']"
334,"['अग्निस्', 'ज्योतिस्', 'अहर्', 'शुक्लस्', 'षण्मासास्', 'उत्तरायणम्', '।', 'तत्र', 'प्रयातास्', 'गच्छन्ति', 'ब्रह्म', 'ब्रह्मविदस्', 'जनास्', '॥']"
335,"['धूमस्', 'रात्रिस्', 'तथा', 'कृष्णस्', 'षण्मासास्', 'दक्षिणायनम्', '।', 'तत्र', 'चान्द्रमसम्', 'ज्योतिस्', 'योगी', 'प्राप्य', 'निवर्तते', '॥']"
336,"['शुक्लकृष्णे', 'गती', 'हि', 'एते', 'जगतस्', 'शाश्वते', 'मते', '।', 'एकया', 'याति', 'अनावृत्तिम्', 'अन्यया', 'आवर्तते', 'पुनर्', '॥']"
337,"['न', 'एते', 'सृती', 'पार्थ', 'जानन्', 'योगी', 'मुह्यति', 'कश्चन', '।', 'तस्मात्', 'सर्वेषु', 'कालेषु', 'योगयुक्तस्', 'भव', 'अर्जुन', '॥']"
338,"['वेदेषु', 'यज्ञेषु', 'तपःसु', 'च', 'एव', 'दानेषु', 'यत्', 'पुण्यफलम्', 'प्रदिष्टम्', '।', 'अत्येति', 'तत्', 'सर्वम्', 'इदम्', 'विदित्वा', 'योगी', 'परम्', 'स्थानम्', 'उपैति', 'च', 'आद्यम्', '॥']"
339,"['इदम्', 'तु', 'ते', 'गुह्यतमम्', 'प्रवक्ष्यामि', 'अनसूयवे', '।', 'ज्ञानम्', 'विज्ञानसहितम्', 'यत्', 'ज्ञात्वा', 'मोक्ष्यसे', 'अशुभात्', '॥']"
340,"['राजविद्या', 'राजगुह्यम्', 'पवित्रम्म्', 'इदम्', 'उत्तमम्', '।', 'प्रत्यक्षावगमम्', 'धर्म्यम्', 'सुसुखम्', 'कर्तुम्', 'अव्ययम्', '॥']"
341,"['अश्रद्दधानास्', 'पुरुषास्', 'धर्मस्य', 'अस्य', 'परन्तप', '।', 'अप्राप्य', 'माम्', 'निवर्तन्ते', 'मृत्युसंसारवर्त्मनि', '॥']"
342,"['मया', 'ततम्', 'इदम्', 'सर्वम्', 'जगत्', 'अव्यक्तमूर्तिना', '।', 'मत्स्थानि', 'सर्वभूतानि', 'न', 'च', 'अहम्', 'तेषु', 'अवस्थितस्', '॥']"
343,"['न', 'च', 'मत्स्थानि', 'भूतानि', 'पश्य', 'मे', 'योगम्', 'ऐश्वरम्', '।', 'भूतभृत्', 'न', 'च', 'भूतस्थस्', 'मम', 'आत्मा', 'भूतभावनस्', '॥']"
344,"['यथा', 'आकाशस्थितस्', 'नित्यम्', 'वायुस्', 'सर्वत्रगस्', 'महान्', '।', 'तथा', 'सर्वाणि', 'भूतानि', 'मत्स्थानि', 'इति', 'उपधारय', '॥']"
345,"['सर्वभूतानि', 'कौन्तेय', 'प्रकृतिम्', 'यान्ति', 'मामिकाम्', '।', 'कल्पक्षये', 'पुनर्', 'तानि', 'कल्पादौ', 'विसृजामि', 'अहम्', '॥']"
346,"['प्रकृतिम्', 'स्वाम्', 'अवष्टभ्य', 'विसृजामि', 'पुनर्', 'पुनर्', '।', 'भूतग्रामम्', 'इमम्', 'कृत्स्नम्', 'अवशम्', 'प्रकृतेस्', 'वशात्', '॥']"
347,"['न', 'च', 'माम्', 'तानि', 'कर्माणि', 'निबध्नन्ति', 'धनञ्जय', '।', 'उदासीनवत्', 'आसीनम्', 'असक्तम्', 'तेषु', 'कर्मसु', '॥']"
348,"['मया', 'अध्यक्षेण', 'प्रकृतिस्', 'सूयते', 'सचराचरम्', '।', 'हेतुना', 'अनेन', 'कौन्तेय', 'जगत्', 'विपरिवर्तते', '॥']"
349,"['अवजानन्ति', 'माम्', 'मूढास्', 'मानुषीम्', 'तनुम्', 'आश्रितम्', '।', 'परम्', 'भावम्', 'अजानन्तस्', 'मम', 'भूतमहेश्वरम्', '॥']"
350,"['मोघाशास्', 'मोघकर्माणस्', 'मोघज्ञानास्', 'विचेतसस्', '।', 'राक्षसीम्', 'आसुरीम्', 'च', 'एव', 'प्रकृतिम्', 'मोहिनीम्', 'श्रितास्', '॥']"
351,"['महात्मानस्', 'तु', 'माम्', 'पार्थ', 'दैवीम्', 'प्रकृतिम्', 'आश्रितास्', '।', 'भजन्ति', 'अनन्यमनसस्', 'ज्ञात्वा', 'भूतादिम्', 'अव्ययम्', '॥']"
352,"['सततम्', 'कीर्तयन्तस्', 'माम्', 'यतन्तस्', 'च', 'दृढव्रतास्', '।', 'नमस्यन्तस्', 'च', 'माम्', 'भक्त्या', 'नित्ययुक्तास्', 'उपासते', '॥']"
353,"['ज्ञानयज्ञेन', 'च', 'अपि', 'अन्ये', 'यजन्तस्', 'माम्', 'उपासते', '।', 'एकत्वेन', 'पृथक्त्वेन', 'बहुधा', 'विश्वतोमुखम्', '॥']"
354,"['अहम्', 'क्रतुस्', 'अहम्', 'यज्ञस्', 'स्वधा', 'अहम्', 'अहम्', 'औषधम्', '।', 'मन्त्रस्', 'अहम्', 'अहम्', 'एव', 'आज्यम्', 'अहम्', 'अग्निस्', 'अहम्', 'हुतम्', '॥']"
355,"['पिता', 'अहम्', 'अस्य', 'जगतो', 'माता', 'धाता', 'पितामहस्', '।', 'वेद्यम्', 'पवित्रम्', 'ओङ्कारस्', 'ऋक्साम', 'यजुस्', 'एव', 'च', '॥']"
356,"['गतिस्', 'भर्ता', 'प्रभुस्', 'साक्षी', 'निवासस्', 'शरणम्', 'सुहृत्', '।', 'प्रभवस्', 'प्रलयस्', 'स्थानम्', 'निधानम्', 'बीजम्', 'अव्ययम्', '॥']"
357,"['तपामि', 'अहम्', 'अहम्', 'वर्षम्', 'निगृह्णामि', 'उत्सृजामि', 'च', '।', 'अमृतम्', 'च', 'एव', 'मृत्युस्', 'च', 'सत्', 'असत्', 'च', 'अहम्', 'अर्जुन', '॥']"
358,"['त्रैविद्यास्', 'माम्', 'सोमपास्', 'पूतपापास्', 'यज्ञैस्', 'इष्ट्वा', 'स्वर्गतिम्', 'प्रार्थयन्ते', '।', 'ते', 'पुण्यम्', 'आसाद्य', 'सुरेन्द्रलोकम्', 'अश्नन्ति', 'दिव्यान्', 'दिवि', 'देवभोगान्', '॥']"
359,"['ते', 'तम्', 'भुक्त्वा', 'स्वर्गलोकम्', 'विशालम्', 'क्षीणे', 'पुण्ये', 'मर्त्यलोकम्', 'विशन्ति', '।', 'एवम्', 'त्रयीधर्मम्', 'अनुप्रपन्नास्', 'गतागतम्', 'कामकामास्', 'लभन्ते', '॥']"
360,"['अनन्यास्', 'चिन्तयन्तस्', 'माम्', 'ये', 'जनास्', 'पर्युपासते', '।', 'तेषाम्', 'नित्याभियुक्तानाम्', 'योगक्षेमम्', 'वहामि', 'अहम्', '॥']"
361,"['ये', 'अपि', 'अन्यदेवताभक्तास्', 'यजन्ते', 'श्रद्धया', 'अन्वितास्', '।', 'ते', 'अपि', 'माम्', 'एव', 'कौन्तेय', 'यजन्ति', 'अविधिपूर्वकम्', '॥']"
362,"['अहम्', 'हि', 'सर्वयज्ञानाम्', 'भोक्ता', 'च', 'प्रभुस्', 'एव', 'च', '।', 'न', 'तु', 'माम्', 'अभिजानन्ति', 'तत्त्वेन', 'अतस्', 'च्यवन्ति', 'ते', '॥']"
363,"['यान्ति', 'देवव्रतास्', 'देवान्', 'पितॄन्', 'यान्ति', 'पितृव्रतास्', '।', 'भूतानि', 'यान्ति', 'भूतेज्यास्', 'यान्ति', 'मत्', 'याजिनस्', 'अपि', 'माम्', '॥']"
364,"['पत्रम्', 'पुष्पम्', 'फलम्', 'तोयम्', 'यस्', 'मे', 'भक्त्या', 'प्रयच्छति', '।', 'तत्', 'अहम्', 'भक्त्युपहृतम्', 'अश्नामि', 'प्रयत', 'आत्मनस्', '॥']"
365,"['यत्', 'करोषि', 'यत्', 'अश्नासि', 'यत्', 'जुहोषि', 'ददासि', 'यत्', '।', 'यत्', 'तपस्यसि', 'कौन्तेय', 'तत्', 'कुरुष्व', 'मत्', 'अर्पणम्', '॥']"
366,"['शुभाशुभफलैस्', 'एवम्', 'मोक्ष्यसे', 'कर्मबन्धनैस्', '।', 'संन्यासयोगयुक्तात्मा', 'विमुक्तस्', 'माम्', 'उपैष्यसि', '॥']"
367,"['समस्', 'अहम्', 'सर्वभूतेषु', 'न', 'मे', 'द्वेष्यस्', 'अस्ति', 'न', 'प्रियस्', '।', 'ये', 'भजन्ति', 'तु', 'माम्', 'भक्त्या', 'मयि', 'ते', 'तेषु', 'च', 'अपि', 'अहम्', '॥']"
368,"['अपि', 'चेत्', 'सुदुराचारस्', 'भजते', 'माम्', 'अनन्यभाक्', '।', 'साधुस्', 'एव', 'सस्', 'मन्तव्यस्', 'सम्यक्', 'व्यवसितस्', 'हि', 'सस्', '॥']"
369,"['क्षिप्रम्', 'भवति', 'धर्मात्मा', 'शश्वत्', 'शान्तिम्', 'निगच्छति', '।', 'कौन्तेय', 'प्रतिजानीहि', 'न', 'मे', 'भक्तस्', 'प्रणश्यति', '॥']"
370,"['माम्', 'हि', 'पार्थ', 'व्यपाश्रित्य', 'ये', 'अपि', 'स्युस्', 'पापयोनयस्', '।', 'स्त्रियस्', 'वैश्यास्', 'तथा', 'शूद्रास्', 'ते', 'अपि', 'यान्ति', 'पराम्', 'गतिम्', '॥']"
371,"['किम्', 'पुनर्', 'ब्राह्मणास्', 'पुण्यास्', 'भक्तास्', 'राजर्षयस्', 'तथा', '।', 'अनित्यम्', 'असुखम्', 'लोकम्', 'इमम्', 'प्राप्य', 'भजस्व', 'माम्', '॥']"
372,"['मत्मनास्', 'भव', 'मद्भक्तस्', 'मद्याजी', 'माम्', 'नमस्कुरु', '।', 'माम्', 'एव', 'एष्यसि', 'युक्त्वा', 'एवम्', 'आत्मानम्', 'मत्परायणस्', '॥']"
373,"['भूयस्', 'एव', 'महाबाहो', 'शृणु', 'मे', 'परमम्', 'वचस्', '।', 'यत्', 'ते', 'अहम्', 'प्रीयमाणाय', 'वक्ष्यामि', 'हितकाम्यया', '॥']"
374,"['न', 'मे', 'विदुस्', 'सुरगणास्', 'प्रभवम्', 'न', 'महर्षयस्', '।', 'अहम्', 'आदिस्', 'हि', 'देवानाम्', 'महर्षीणाम्', 'च', 'सर्वशस्', '॥']"
375,"['यस्', 'माम्', 'अजम्', 'अनादिम्', 'च', 'वेत्ति', 'लोकमहेश्वरम्', '।', 'असम्मूढस्', 'सस्', 'मर्त्येषु', 'सर्वपापैस्', 'प्रमुच्यते', '॥']"
376,"['बुद्धिस्', 'ज्ञानम्', 'असम्मोहस्', 'क्षमा', 'सत्यम्', 'दमस्', 'शमस्', '।', 'सुखम्', 'दुःखम्', 'भवस्', 'अभावस्', 'भयम्', 'च', 'अभयम्', 'एव', 'च', '॥']"
377,"['अहिंसा', 'समता', 'तुष्टिस्', 'तपस्', 'दानम्', 'यशस्', 'अयशस्', '।', 'भवन्ति', 'भावास्', 'भूतानाम्', 'मत्तस्', 'एव', 'पृथग्विधास्', '॥']"
378,"['महर्षयस्', 'सप्त', 'पूर्वे', 'चत्वारस्', 'मनवस्', 'तथा', '।', 'मत्', 'भावास्', 'मानसास्', 'जातास्', 'येषाम्', 'लोके', 'इमास्', 'प्रजास्', '॥']"
379,"['एताम्', 'विभूतिम्', 'योगम्', 'च', 'मम', 'यस्', 'वेत्ति', 'तत्त्वतस्', '।', 'सस्', 'अविकम्पेन', 'योगेन', 'युज्यते', 'न', 'अत्र', 'संशयस्', '॥']"
380,"['अहम्', 'सर्वस्य', 'प्रभवस्', 'मत्तस्', 'सर्वम्', 'प्रवर्तते', '।', 'इति', 'मत्वा', 'भजन्ते', 'माम्', 'बुधास्', 'भावसमन्वितास्', '॥']"
381,"['मत्', 'चित्तास्', 'मत्', 'गतप्राणास्', 'बोधयन्तस्', 'परस्परम्', '।', 'कथयन्तस्', 'च', 'माम्', 'नित्यम्', 'तुष्यन्ति', 'च', 'रमन्ति', 'च', '॥']"
382,"['तेषाम्', 'सततयुक्तानाम्', 'भजताम्', 'प्रीतिपूर्वकम्', '।', 'ददामि', 'बुद्धियोगम्', 'तम्', 'येन', 'माम्', 'उपयान्ति', 'ते', '॥']"
383,"['तेषाम्', 'एव', 'अनुकम्पार्थम्', 'अहम्', 'अज्ञानजम्', 'तमस्', '।', 'नाशयामि', 'आत्मभावस्थस्', 'ज्ञानदीपेन', 'भास्वता', '॥']"
384,"['परम्', 'ब्रह्म', 'परम्', 'धाम', 'पवित्रम्', 'परमम्', 'भवान्', '।', 'पुरुषम्', 'शाश्वतम्', 'दिव्यम्', 'आदिदेवम्', 'अजम्', 'विभुम्', '॥']"
385,"['आहुस्', 'त्वाम्', 'ऋषयस्', 'सर्वे', 'देवर्षिस्', 'नारदस्', 'तथा', '।', 'असितस्', 'देवलस्', 'व्यासस्', 'स्वयम्', 'च', 'एव', 'ब्रवीषि', 'मे', '॥']"
386,"['सर्वम्', 'एतत्', 'ऋतम्', 'मन्ये', 'यत्', 'माम्', 'वदसि', 'केशव', '।', 'न', 'हि', 'ते', 'भगवन्', 'व्यक्तिम्', 'विदुस्', 'देवास्', 'न', 'दानवास्', '॥']"
387,"['स्वयम्', 'एव', 'आत्मना', 'आत्मानम्', 'वेत्थ', 'त्वम्', 'पुरुषोत्तम', '।', 'भूतभावन', 'भूतेश', 'देवदेव', 'जगत्पते', '॥']"
388,"['वक्तुम्', 'अर्हसि', 'अशेषेण', 'दिव्यास्', 'हि', 'आत्मविभूतयस्', '।', 'याभिस्', 'विभूतिभिस्', 'लोकान्', 'इमान्', 'त्वम्', 'व्याप्य', 'तिष्ठसि', '॥']"
389,"['कथम्', 'विद्याम्', 'अहम्', 'योगिन्', 'त्वाम्', 'सदा', 'परिचिन्तयन्', '।', 'केषु', 'केषु', 'च', 'भावेषु', 'चिन्त्यस्', 'असि', 'भगवन्', 'मया', '॥']"
390,"['विस्तरेण', 'आत्मनस्', 'योगम्', 'विभूतिम्', 'च', 'जनार्दन', '।', 'भूयस्', 'कथय', 'तृप्तिस्', 'हि', 'शृण्वतस्', 'न', 'अस्ति', 'मे', 'अमृतम्', '॥']"
391,"['हन्त', 'ते', 'कथयिष्यामि', 'दिव्यास्', 'हि', 'आत्मविभूतयस्', '।', 'प्राधान्यतस्', 'कुरुश्रेष्ठ', 'न', 'अस्ति', 'अन्तस्', 'विस्तरस्य', 'मे', '॥']"
392,"['अहम्', 'आत्मा', 'गुडाकेश', 'सर्वभूताशयस्थितस्', '।', 'अहम्', 'आदिस्', 'च', 'मध्यम्', 'च', 'भूतानाम्', 'अन्तस्', 'एव', 'च', '॥']"
393,"['आदित्यानाम्', 'अहम्', 'विष्णुस्', 'ज्योतिषाम्', 'रविस्', 'अंशुमान्', '।', 'मरीचिस्', 'मरुताम्', 'अस्मि', 'नक्षत्राणाम्', 'अहम्', 'शशी', '॥']"
394,"['वेदानाम्', 'सामवेदस्', 'अस्मि', 'देवानाम्', 'अस्मि', 'वासवस्', '।', 'इन्द्रियाणाम्', 'मनस्', 'च', 'अस्मि', 'भूतानाम्', 'अस्मि', 'चेतना', '॥']"
395,"['रुद्राणाम्', 'शङ्करस्', 'च', 'अस्मि', 'वित्तेशस्', 'यक्षरक्षसाम्', '।', 'वसूनाम्', 'पावकस्', 'च', 'अस्मि', 'मेरुस्', 'शिखरिणाम्', 'अहम्', '॥']"
396,"['पुरोधसाम्', 'च', 'मुख्यम्', 'माम्', 'विद्धि', 'पार्थ', 'बृहस्पतिम्', '।', 'सेनानीनाम्', 'अहम्', 'स्कन्दस्', 'सरसाम्', 'अस्मि', 'सागरस्', '॥']"
397,"['महर्षीणाम्', 'भृगुस्', 'अहम्', 'गिराम्', 'अस्मि', 'एकम्', 'अक्षरम्', '।', 'यज्ञानाम्', 'जपयज्ञस्', 'अस्मि', 'स्थावराणाम्', 'हिमालयस्', '॥']"
398,"['अश्वत्थस्', 'सर्ववृक्षाणाम्', 'देवर्षीणाम्', 'च', 'नारदस्', '।', 'गन्धर्वाणाम्', 'चित्ररथस्', 'सिद्धानाम्', 'कपिलस्', 'मुनिस्', '॥']"
399,"['उच्चैःश्रवसम्', 'अश्वानाम्', 'विद्धि', 'माम्', 'अमृतोद्भवम्', '।', 'ऐरावतम्', 'गजेन्द्राणाम्', 'नराणाम्', 'च', 'नराधिपम्', '॥']"
400,"['आयुधानाम्', 'अहम्', 'वज्रम्', 'धेनूनाम्', 'अस्मि', 'कामधुक्', '।', 'प्रजनस्', 'च', 'अस्मि', 'कन्दर्पस्', 'सर्पाणाम्', 'अस्मि', 'वासुकिस्', '॥']"
401,"['अनन्तस्', 'च', 'अस्मि', 'नागानाम्', 'वरुणस्', 'यादसाम्', 'अहम्', '।', 'पितॄणाम्', 'अर्यमा', 'च', 'अस्मि', 'यमस्', 'संयमताम्', 'अहम्', '॥']"
402,"['प्रह्लादस्', 'च', 'अस्मि', 'दैत्यानाम्', 'कालस्', 'कलयताम्', 'अहम्', '।', 'मृगाणाम्', 'च', 'मृगेन्द्रस्', 'अहम्', 'वैनतेयस्', 'च', 'पक्षिणाम्', '॥']"
403,"['पवनस्', 'पवताम्', 'अस्मि', 'रामस्', 'शस्त्रभृताम्', 'अहम्', '।', 'झषाणाम्', 'मकरस्', 'च', 'अस्मि', 'स्रोतसाम्', 'अस्मि', 'जाह्नवी', '॥']"
404,"['सर्गाणाम्', 'आदिस्', 'अन्तस्', 'च', 'मध्यम्', 'च', 'एव', 'अहम्', 'अर्जुन', '।', 'अध्यात्मविद्या', 'विद्यानाम्', 'वादस्', 'प्रवदताम्', 'अहम्', '॥']"
405,"['अक्षराणाम्', 'अकारस्', 'अस्मि', 'द्वन्द्वस्', 'सामासिकस्य', 'च', '।', 'अहम्', 'एव', 'अक्षयस्', 'कालस्', 'धाता', 'अहम्', 'विश्वतोमुखस्', '॥']"
406,"['मृत्युस्', 'सर्वहरस्', 'च', 'अहम्', 'उद्भवस्', 'च', 'भविष्यताम्', '।', 'कीर्तिस्', 'श्रीस्', 'वाक्', 'च', 'नारीणाम्', 'स्मृतिस्', 'मेधा', 'धृतिस्', 'क्षमा', '॥']"
407,"['बृहत्साम', 'तथा', 'साम्नाम्', 'गायत्री', 'छन्दसाम्', 'अहम्', '।', 'मासानाम्', 'मार्गशीर्षस्', 'अहम्', 'ऋतूनाम्', 'कुसुमाकरस्', '॥']"
408,"['द्यूतम्', 'छलयताम्', 'अस्मि', 'तेजस्', 'तेजस्विनाम्', 'अहम्', '।', 'जयस्', 'अस्मि', 'व्यवसायस्', 'अस्मि', 'सत्त्वम्', 'सत्त्ववताम्', 'अहम्', '॥']"
409,"['वृष्णीनाम्', 'वासुदेवस्', 'अस्मि', 'पाण्डवानाम्', 'धनञ्जयस्', '।', 'मुनीनाम्', 'अपि', 'अहम्', 'व्यासस्', 'कवीनाम्', 'उशना', 'कविस्', '॥']"
410,"['दण्डस्', 'दमयताम्', 'अस्मि', 'नीतिस्', 'अस्मि', 'जिगीषताम्', '।', 'मौनम्', 'च', 'एव', 'अस्मि', 'गुह्यानाम्', 'ज्ञानम्', 'ज्ञानवताम्', 'अहम्', '॥']"
411,"['यत्', 'च', 'अपि', 'सर्वभूतानाम्', 'बीजम्', 'तत्', 'अहम्', 'अर्जुन', '।', 'न', 'तत्', 'अस्ति', 'विना', 'यत्', 'स्यात्', 'मया', 'भूतम्', 'चराचरम्', '॥']"
412,"['न', 'अन्तस्', 'अस्ति', 'मम', 'दिव्यानाम्', 'विभूतीनाम्', 'परन्तप', '।', 'एषस्', 'तु', 'उद्देशतस्', 'प्रोक्तस्', 'विभूतेस्', 'विस्तरस्', 'मया', '॥']"
413,"['यत्', 'यत्', 'विभूतिमत्', 'सत्त्वम्', 'श्रीमत्', 'ऊर्जितम्', 'एव', 'वा', '।', 'तत्', 'तत्', 'अवगच्छ', 'त्वम्', 'मम', 'तेजस्', 'अंशसम्भवम्', '॥']"
414,"['अथवा', 'बहुना', 'एतेन', 'किम्', 'ज्ञातेन', 'तव', 'अर्जुन', '।', 'विष्टभ्य', 'अहम्', 'इदम्', 'कृत्स्नम्', 'एकांशेन', 'स्थितस्', 'जगत्', '॥']"
415,"['मत्', 'अनुग्रहाय', 'परमम्', 'गुह्यम्', 'अध्यात्मसंज्ञितम्', '।', 'यत्', 'त्वया', 'उक्तम्', 'वचस्', 'तेन', 'मोहस्', 'अयम्', 'विगतस्', 'मम', '॥']"
416,"['भव', 'अपि', 'अयौ', 'हि', 'भूतानाम्', 'श्रुतौ', 'विस्तरशस्', 'मया', '।', 'त्वत्तस्', 'कमलपत्राक्ष', 'माहात्म्यम्', 'अपि', 'च', 'अव्ययम्', '॥']"
417,"['एवम्', 'एतत्', 'यथा', 'आत्थ', 'त्वम्', 'आत्मानम्', 'परमेश्वर', '।', 'द्रष्टुम्', 'इच्छामि', 'ते', 'रूपम्', 'ऐश्वरम्', 'पुरुषोत्तम', '॥']"
418,"['मन्यसे', 'यदि', 'तत्', 'शक्यम्', 'मया', 'द्रष्टुम्', 'इति', 'प्रभो', '।', 'योगेश्वर', 'ततस्', 'मे', 'त्वम्', 'दर्शय', 'आत्मानम्', 'अव्ययम्', '॥']"
419,"['पश्य', 'मे', 'पार्थ', 'रूपाणि', 'शतशस्', 'अथ', 'सहस्रशस्', '।', 'नानाविधानि', 'दिव्यानि', 'नानावर्णाकृतीनि', 'च', '॥']"
420,"['पश्य', 'आदित्यान्', 'वसून्', 'रुद्रान्', 'अश्विनौ', 'मरुतास्', 'तथा', '।', 'बहूनि', 'अदृष्टपूर्वाणि', 'पश्य', 'आश्चर्याणि', 'भारत', '॥']"
421,"['इह', 'एकस्थम्', 'जगत्', 'कृत्स्नम्', 'पश्य', 'अद्य', 'सचराचरम्', '।', 'मम', 'देहे', 'गुडाकेश', 'यत्', 'च', 'अन्यत्', 'द्रष्टुम्', 'इच्छसि', '॥']"
422,"['न', 'तु', 'माम्', 'शक्यसे', 'द्रष्टुम्', 'अनेन', 'एव', 'स्वचक्षुषा', '।', 'दिव्यम्', 'ददामि', 'ते', 'चक्षुस्', 'पश्य', 'मे', 'योगम्', 'ऐश्वरम्', '॥']"
423,"['एवम्', 'उक्त्वा', 'ततस्', 'राजन्', 'महायोगेश्वरस्', 'हरिस्', '।', 'दर्शयामास', 'पार्थाय', 'परमम्', 'रूपम्', 'ऐश्वरम्', '॥']"
424,"['अनेकवक्त्रनयनम्', 'अनेकाद्भुतदर्शनम्', '।', 'अनेकदिव्यआभरणम्', 'दिव्यानेकोद्यतायुधम्', '॥']"
425,"['दिव्यमाल्याम्बरधरम्', 'दिव्यगन्धानुलेपनम्', '।', 'सर्वाश्चर्यमयम्', 'देवम्', 'अनन्तम्', 'विश्वतोमुखम्', '॥']"
426,"['दिवि', 'सूर्यसहस्रस्य', 'भवेत्', 'युगपत्', 'उत्थिता', '।', 'यदि', 'भास्', 'सदृशी', 'सा', 'स्यात्', 'भासस्', 'तस्य', 'महात्मनस्', '॥']"
427,"['तत्र', 'एकस्थम्', 'जगत्', 'कृत्स्नम्', 'प्रविभक्तम्', 'अनेकधा', '।', 'अपश्यत्', 'देवदेवस्य', 'शरीरे', 'पाण्डवस्', 'तदा', '॥']"
428,"['ततस्', 'सस्', 'विस्मयाविष्टस्', 'हृष्टरोमा', 'धनञ्जयस्', '।', 'प्रणम्य', 'शिरसा', 'देवम्', 'कृताञ्जलिस्', 'अभाषत', '॥']"
429,"['पश्यामि', 'देवान्', 'तव', 'देव', 'देहे', 'सर्वान्', 'तथा', 'भूतविशेषसङ्घान्', '।', 'ब्रह्माणम्', 'ईशम्', 'कमलासनस्थम्', 'ऋषीन्', 'च', 'सर्वान्', 'उरगान्', 'च', 'दिव्यान्', '॥']"
430,"['अनेकबाहूदरवक्त्रनेत्रम्', 'पश्यामि', 'त्वाम्', 'सर्वतस्', 'अनन्तरूपम्', '।', 'न', 'अन्तम्', 'न', 'मध्यम्', 'न', 'पुनर्', 'तव', 'आदिम्', 'पश्यामि', 'विश्वेश्वर', 'विश्वरूप', '॥']"
431,"['किरीटिनम्', 'गदिनम्', 'चक्रिणम्', 'च', 'तेजोराशिम्', 'सर्वतस्', 'दीप्तिमन्तम्', '।', 'पश्यामि', 'त्वाम्', 'दुर्निरीक्ष्यम्', 'समन्तात्', 'दीप्तानलार्कद्युतिम्', 'अप्रमेयम्', '॥']"
432,"['त्वम्', 'अक्षरम्', 'परमम्', 'वेदितव्यम्', 'त्वम्', 'अस्य', 'विश्वस्य', 'परम्', 'निधानम्', '।', 'त्वम्', 'अव्ययस्', 'शाश्वतधर्मगोप्ता', 'सनातनस्', 'त्वम्', 'पुरुषस्', 'मतस्', 'मे', '॥']"
433,"['अनादिमध्यान्तम्', 'अनन्तवीर्यम्', 'अनन्तबाहुम्', 'शशिसूर्यनेत्रम्', '।', 'पश्यामि', 'त्वाम्', 'दीप्तहुताशवक्त्रम्', 'स्वतेजसा', 'विश्वम्', 'इदम्', 'तपन्तम्', '॥']"
434,"['द्यावापृथिव्योस्', 'इदम्', 'अन्तरम्', 'हि', 'व्याप्तम्', 'त्वया', 'एकेन', 'दिशस्', 'च', 'सर्वास्', '।', 'दृष्ट्वा', 'अद्भुतम्', 'रूपम्', 'उग्रम्', 'तव', 'इदम्', 'लोकत्रयम्', 'प्रव्यथितम्', 'महात्मन्', '॥']"
435,"['अमी', 'हि', 'त्वाम्', 'सुरसङ्घास्', 'विशन्ति', 'केचित्', 'भीतास्', 'प्राञ्जलयस्', 'गृणन्ति', '।', 'स्वस्ति', 'इति', 'उक्त्वा', 'महर्षिसिद्धसङ्घास्', 'स्तुवन्ति', 'त्वाम्', 'स्तुतिभिस्', 'पुष्कलाभिस्', '॥']"
436,"['रुद्रादित्यास्', 'वसवस्', 'ये', 'च', 'साध्यास्', 'विश्वे', 'अश्विनौ', 'मरुतस्', 'च', 'उष्मपास्', 'च', '।', 'गन्धर्वयक्षासुरसिद्धसङ्घास्', 'वीक्षन्ते', 'त्वाम्', 'विस्मितास्', 'च', 'एव', 'सर्वे', '॥']"
437,"['रूपम्', 'महत्', 'ते', 'बहुवक्त्रनेत्रम्', 'महाबाहो', 'बहुबाहूरुपादम्', '।', 'बहूदरम्', 'बहुदंष्ट्राकरालम्', 'दृष्ट्वा', 'लोकास्', 'प्रव्यथितास्', 'तथा', 'अहम्', '॥']"
438,"['नभःस्पृशं', 'दीप्तमनेकवर्णम्', 'व्यात्ताननम्', 'दीप्तविशालनेत्रम्', '।', 'दृष्ट्वा', 'हि', 'त्वाम्', 'प्रव्यथितान्तरात्मा', 'धृतिम्', 'न', 'विन्दामि', 'शमम्', 'च', 'विष्णो', '॥']"
439,"['दंष्ट्राकरालानि', 'च', 'ते', 'मुखानि', 'दृष्ट्वा', 'एव', 'कालानलसन्निभानि', '।', 'दिशस्', 'न', 'जाने', 'न', 'लभे', 'च', 'शर्म', 'प्रसीद', 'देवेश', 'जगन्निवास', '॥']"
440,"['अमी', 'च', 'त्वाम्', 'धृतराष्ट्रस्य', 'पुत्रास्', 'सर्वे', 'सह', 'एव', 'अवनिपालसङ्घैस्', '।', 'भीष्मस्', 'द्रोणस्', 'सूतपुत्रस्', 'तथा', 'असौ', 'सह', 'अस्मदीयैस्', 'अपि', 'योधमुख्यैस्', '॥']"
441,"['वक्त्राणि', 'ते', 'त्वरमाणास्', 'विशन्ति', 'दंष्ट्राकरालानि', 'भयानकानि', '।', 'केचित्', 'विलग्नास्', 'दशनान्तरेषु', 'सन्दृश्यन्ते', 'चूर्णितैस्', 'उत्तमाङ्गैस्', '॥']"
442,"['यथा', 'नदीनाम्', 'बहवस्', 'अम्बुवेगास्', 'समुद्रम्', 'एव', 'अभिमुखास्', 'द्रवन्ति', '।', 'तथा', 'तव', 'अमी', 'नरलोकवीरास्', 'विशन्ति', 'वक्त्राणि', 'अभिविज्वलन्ति', '॥']"
443,"['यथा', 'प्रदीप्तम्', 'ज्वलनम्', 'पतङ्गास्', 'विशन्ति', 'नाशाय', 'समृद्धवेगास्', '।', 'तथा', 'एव', 'नाशाय', 'विशन्ति', 'लोकास्', 'तव', 'अपि', 'वक्त्राणि', 'समृद्धवेगास्', '॥']"
444,"['लेलिह्यसे', 'ग्रसमानस्', 'समन्तात्', 'लोकान्', 'समग्रान्', 'वदनैस्', 'ज्वलद्भिस्', '।', 'तेजोभिस्', 'आपूर्य', 'जगत्', 'समग्रम्', 'भासस्', 'तव', 'उग्रास्', 'प्रतपन्ति', 'विष्णो', '॥']"
445,"['आख्याहि', 'मे', 'को', 'भवानुग्ररूपो', 'नमस्', 'अस्तु', 'ते', 'देववर', 'प्रसीद', '।', 'विज्ञातुम्', 'इच्छामि', 'भवन्तम्', 'आद्यम्', 'न', 'हि', 'प्रजानामि', 'तव', 'प्रवृत्तिम्', '॥']"
446,"['कालस्', 'अस्मि', 'लोकक्षयकृत्', 'प्रवृद्धस्', 'लोकान्', 'समाहर्तुम्', 'इह', 'प्रवृत्तस्', '।', 'ऋते', 'अपि', 'त्वाम्', 'न', 'भविष्यन्ति', 'सर्वे', 'ये', 'अवस्थितास्', 'प्रत्यनीकेषु', 'योधास्', '॥']"
447,"['तस्मात्', 'त्वम्', 'उत्तिष्ठ', 'यशस्', 'लभस्व', 'जित्वा', 'शत्रून्', 'भुङ्क्ष्व', 'राज्यम्', 'समृद्धम्', '।', 'मया', 'एव', 'एते', 'निहतास्', 'पूर्वम्', 'एव', 'निमित्तमात्रम्', 'भव', 'सव्यसाचिन्', '॥']"
448,"['द्रोणम्', 'च', 'भीष्मम्', 'च', 'जयद्रथम्', 'च', 'कर्णम्', 'तथा', 'अन्यान्', 'अपि', 'योधवीरान्', '।', 'मया', 'हतान्', 'त्वम्', 'जहि', 'मा', 'व्यथिष्ठास्', 'युध्यस्व', 'जेता', 'असि', 'रणे', 'सपत्नान्', '॥']"
449,"['एतत्', 'श्रुत्वा', 'वचनम्', 'केशवस्य', 'कृताञ्जलिस्', 'वेपमानस्', 'किरीटी', '।', 'नमस्कृत्वा', 'भूयस्', 'एव', 'आह', 'कृष्णम्', 'सगद्गदम्', 'भीतभीतस्', 'प्रणम्य', '॥']"
450,"['स्थाने', 'हृषीकेश', 'तव', 'प्रकीर्त्या', 'जगत्', 'प्रहृष्यति', 'अनुरज्यते', 'च', '।', 'रक्षांसि', 'भीतानि', 'दिशस्', 'द्रवन्ति', 'सर्वे', 'नमस्यन्ति', 'च', 'सिद्धसङ्घास्', '॥']"
451,"['कस्मात्', 'च', 'ते', 'न', 'नमेरन्', 'महात्मन्', 'गरीयसे', 'ब्रह्मणस्', 'अपि', 'आदिकर्त्रे', '।', 'अनन्त', 'देवेश', 'जगत्', 'निवास', 'त्वम्', 'अक्षरम्', 'सत्', 'असत्', 'तत्', 'परम्', 'यत्', '॥']"
452,"['त्वम्', 'आदिदेवस्', 'पुरुषस्', 'पुराणस्', 'त्वम्', 'अस्य', 'विश्वस्य', 'परम्', 'निधानम्', '।', 'वेत्ता', 'असि', 'वेद्यम्', 'च', 'परम्', 'च', 'धाम', 'त्वया', 'ततम्', 'विश्वम्', 'अनन्तरूप', '॥']"
453,"['वायुस्', 'यमस्', 'अग्निस्', 'वरुणस्', 'शशाङ्कस्', 'प्रजापतिस्', 'त्वम्', 'प्रपितामहस्', 'च', '।', 'नमस्', 'नमस्', 'ते', 'अस्तु', 'सहस्र-कृत्वस्', 'पुनस्', 'च', 'भूयस्', 'अपि', 'नमस्', 'नमस्', 'ते', '॥']"
454,"['नमस्', 'पुरस्तात्', 'अथ', 'पृष्ठतस्', 'ते', 'नमस्', 'अस्तु', 'ते', 'सर्वतस्', 'एव', 'सर्व', '।', 'अनन्तवीर्यामितविक्रमस्', 'त्वम्', 'सर्वम्', 'समाप्नोषि', 'ततस्', 'असि', 'सर्वस्', '॥']"
455,"['सखा', 'इति', 'मत्वा', 'प्रसभम्', 'यत्', 'उक्तम्', 'हे', 'कृष्ण', 'हे', 'यादव', 'हे', 'सखा', 'इति', '।', 'अजानता', 'महिमानम्', 'तव', 'इदम्', 'मया', 'प्रमादात्', 'प्रणयेन', 'वा', 'अपि', '॥']"
456,"['यत्', 'च', 'अवहासार्थम्', 'असत्', 'कृतस्', 'असि', 'विहारशय्याआसनभोजनेषु', '।', 'एकस्', 'अथवा', 'अपि', 'अच्युत', 'तत्', 'समक्षम्', 'तत्', 'क्षामये', 'त्वाम्', 'अहम्', 'अप्रमेयम्', '॥']"
457,"['पिता', 'असि', 'लोकस्य', 'चर-अचरस्य', 'त्वम्', 'अस्य', 'पूज्यस्', 'च', 'गुरुस्', 'गरीयान्', '।', 'न', 'त्वत्', 'समस्', 'अस्ति', 'अभ्यधिकस्', 'कुतस्', 'अन्यस्', 'लोकत्रये', 'अपि', 'अप्रतिमप्रभाव', '॥']"
458,"['तस्मात्', 'प्रणम्य', 'प्रणिधाय', 'कायम्', 'प्रसादये', 'त्वाम्', 'अहम्', 'ईशम्', 'ईड्यम्', '।', 'पिता', 'इव', 'पुत्रस्य', 'सखा', 'इव', 'सख्युस्', 'प्रियस्', 'प्रियायास्', 'अर्हसि', 'देव', 'सोढुम्', '॥']"
459,"['अदृष्टपूर्वम्', 'हृषितस्', 'अस्मि', 'दृष्ट्वा', 'भयेन', 'च', 'प्रव्यथितम्', 'मनस्', 'मे', '।', 'तत्', 'एव', 'मे', 'दर्शय', 'देव', 'रूपम्', 'प्रसीद', 'देवेश', 'जगन्निवास', '॥']"
460,"['किरीटिनम्', 'गदिनम्', 'चक्रहस्तम्', 'इच्छामि', 'त्वाम्', 'द्रष्टुम्', 'अहम्', 'तथा', 'एव', '।', 'तेन', 'एव', 'रूपेण', 'चतुर्भुजेन', 'सहस्रबाहो', 'भव', 'विश्वमूर्ते', '॥']"
461,"['मया', 'प्रसन्नेन', 'तव', 'अर्जुन', 'इदम्', 'रूपम्', 'परम्', 'दर्शितम्', 'आत्मयोगात्', '।', 'तेजोमयम्', 'विश्वम्', 'अनन्तम्', 'आद्यम्', 'यत्', 'मे', 'त्वत्', 'अन्येन', 'न', 'दृष्टपूर्वम्', '॥']"
462,"['न', 'वेदयज्ञाध्ययनैस्', 'न', 'दानैस्', 'न', 'च', 'क्रियाभिस्', 'न', 'तपोभिस्', 'उग्रैस्', '।', 'एवम्', 'रूपस्', 'शक्यस्', 'अहम्', 'नृलोके', 'द्रष्टुम्', 'त्वत्', 'अन्येन', 'कुरुप्रवीर', '॥']"
463,"['मा', 'ते', 'व्यथा', 'मा', 'च', 'विमूढभावस्', 'दृष्ट्वा', 'रूपम्', 'घोरम्', 'ईदृक्', 'मम', 'इदम्', '।', 'व्यपेतभीस्', 'प्रीतमनास्', 'पुनर्', 'त्वम्', 'तत्', 'एव', 'मे', 'रूपम्', 'इदम्', 'प्रपश्य', '॥']"
464,"['इति', 'अर्जुनम्', 'वासुदेवस्', 'तथा', 'उक्त्वा', 'स्वकम्', 'रूपम्', 'दर्शयामास', 'भूयस्', '।', 'आश्वासयामास', 'च', 'भीतम्', 'एनम्', 'भूत्वा', 'पुनर्', 'सौम्यवपुस्', 'महात्मा', '॥']"
465,"['दृष्ट्वा', 'इदम्', 'मानुषम्', 'रूपम्', 'तव', 'सौम्यम्', 'जनार्दन', '।', 'इदानीम्', 'अस्मि', 'संवृत्तस्', 'सचेतास्', 'प्रकृतिम्', 'गतस्', '॥']"
466,"['सुदुर्दर्शम्', 'इदम्', 'रूपम्', 'दृष्टवान्', 'असि', 'यत्', 'मम', '।', 'देवास्', 'अपि', 'अस्य', 'रूपस्य', 'नित्यम्', 'दर्शनकाङ्क्षिणस्', '॥']"
467,"['न', 'अहम्', 'वेदैस्', 'न', 'तपसा', 'न', 'दानेन', 'न', 'च', 'इज्यया', '।', 'शक्यस्', 'एवम्', 'विधस्', 'द्रष्टुम्', 'दृष्टवान्', 'असि', 'माम्', 'यथा', '॥']"
468,"['भक्त्या', 'तु', 'अनन्यया', 'शक्यस्', 'अहम्', 'एवम्', 'विधस्', 'अर्जुन', '।', 'ज्ञातुम्', 'द्रष्टुम्', 'च', 'तत्त्वेन', 'प्रवेष्टुम्', 'च', 'परन्तप', '॥']"
469,"['मत्कर्मकृत्', 'मत्परमस्', 'मद्भक्तस्', 'सङ्गवर्जितस्', '।', 'निर्वैरस्', 'सर्वभूतेषु', 'यस्', 'सस्', 'माम्', 'एति', 'पाण्डव', '॥']"
